use Equipo2_final;
-- pacientes

INSERT INTO PACIENTE (idPaciente, FName, Lname, Sexo, Email, Fechanacimiento) VALUES(1, 'Priscila', 'Treviño', 'F', 'pris123@outlook.com', '1960-02-10' );
INSERT INTO PACIENTE (idPaciente, FName, Lname, Sexo, Email, Fechanacimiento) VALUES(2, 'Demetrio', 'Osuna', 'M', 'eldeme1999@gmail.com', '1989-10-07');
INSERT INTO PACIENTE (idPaciente, FName, Lname, Sexo, Email, Fechanacimiento) VALUES(3, 'Marina', 'Garza', 'F', 'margar95@hotmail.com', '1999-10-01');
INSERT INTO PACIENTE (idPaciente, FName, Lname, Sexo,Email, Fechanacimiento) VALUES(4, 'Carlos', 'Mendoza', 'M', 'carlospower@gmail.com', '1991-04-09');


-- doctores

INSERT INTO DOCTOR (idDoctor, cedula, FName, LName) VALUES (1, 16227469, 'Gerardo', 'Ayala');
INSERT INTO DOCTOR (idDoctor, cedula, FName, LName) VALUES (2, 21794582, 'Miguel', 'Bocard');
INSERT INTO DOCTOR (idDoctor, cedula, FName, LName) VALUES (3, 35614827, 'Saul', 'Pinto');

-- consultas

INSERT INTO Consulta (idConsulta, idPaciente, idDoctor, fecha, costo, peea) VALUES (1, 1, 2, '2020-01-25', 500, 'depresion') ;
INSERT INTO Consulta (idConsulta, idPaciente, idDoctor, fecha, costo, peea) VALUES (2, 1, 1,'2020-02-02', 500, 'problemas de relacion') ;
INSERT INTO Consulta (idConsulta, idPaciente, idDoctor, fecha, costo, peea) VALUES (3, 1, 2, '2020-02-21', 650, 'falta de motivacion') ;
INSERT INTO Consulta (idConsulta, idPaciente, idDoctor, fecha, costo, peea) VALUES (4, 1, 3, '2020-03-05', 750, 'obseciones') ;
INSERT INTO Consulta (idConsulta, idPaciente, idDoctor, fecha, costo, peea) VALUES (5, 1, 1,'2020-03-24', 860, 'malos pensamientos') ;
INSERT INTO Consulta (idConsulta, idPaciente, idDoctor,  fecha, costo, peea) VALUES (6, 2, 2, '2020-01-15', 500, 'depresion') ;
INSERT INTO Consulta (idConsulta, idPaciente, idDoctor, fecha, costo, peea) VALUES (7, 2, 3,'2020-01-30', 500, 'insomnia') ;
INSERT INTO Consulta (idConsulta, idPaciente, idDoctor, fecha, costo, peea) VALUES (8, 2, 1,'2020-02-14', 700, 'falta de motivacion') ;
INSERT INTO Consulta (idConsulta, idPaciente, idDoctor, fecha, costo, peea) VALUES (9, 2, 2,'2020-03-30', 820, 'depresion') ;
INSERT INTO Consulta (idConsulta, idPaciente, idDoctor, fecha, costo, peea) VALUES (10, 2, 2,'2020-03-30', 820, 'depresion') ;

INSERT INTO Consulta (idConsulta, idPaciente, idDoctor, fecha, costo, peea) VALUES (11, 3, 1,'2020-01-14', 500, 'problemas de relacion') ;
INSERT INTO Consulta (idConsulta, idPaciente, idDoctor, fecha, costo, peea) VALUES (12, 3, 2,'2020-02-03', 500, 'malos pensamientos') ;
INSERT INTO Consulta (idConsulta, idPaciente, idDoctor, fecha, costo, peea) VALUES (13, 3, 1,'2020-02-23', 600, 'depresion') ;
INSERT INTO Consulta (idConsulta, idPaciente, idDoctor, fecha, costo, peea) VALUES (14, 3, 1,'2020-03-01', 750, 'malos pensamientos') ;
INSERT INTO Consulta (idConsulta, idPaciente, idDoctor, fecha, costo, peea) VALUES (15, 3, 1,'2020-03-17', 800, 'insomnia') ;

INSERT INTO Consulta (idConsulta, idPaciente, idDoctor, fecha, costo, peea) VALUES (16, 4, 2,'2020-02-10', 500, 'insomnia') ;
INSERT INTO Consulta (idConsulta, idPaciente, idDoctor, fecha, costo, peea) VALUES (17, 4, 1,'2020-03-02', 500, 'insomnia') ;
INSERT INTO Consulta (idConsulta, idPaciente, idDoctor, fecha, costo, peea) VALUES (18, 4, 2,'2020-03-21', 670, 'depresion') ;
INSERT INTO Consulta (idConsulta, idPaciente, idDoctor, fecha, costo, peea) VALUES (19, 4, 2,'2020-04-01', 700, 'insomnia') ;
INSERT INTO Consulta (idConsulta, idPaciente, idDoctor, fecha, costo, peea) VALUES (20, 2, 2,'2020-03-30', 820, 'depresion') ;

-- insertar pruebas
INSERT INTO Prueba (idPrueba, nombre) VALUES (1, 'Examen de depresión de Hamilton');

-- insertar preguntas
INSERT INTO Pregunta VALUES
    (1, 'Humor depresivo (tristeza, desesperanza, desamparo, sentimiento de inutilidad', 1),
    (2,  'Sentimientos de culpa', 1),
    (3,  'Suicidio', 1),
    (4,  'Insomnio precoz', 1),
    (5,  'Insomnio intermedio', 1),
    (6,  'Insomnio tardío', 1),
    (7,  'Trabajo y actividades', 1),
    (8,  'Inhibición psicomotora (lentitud de pensamiento y lenguaje, facultad de
concentración disminuida, disminución de la actividad motora)', 1),
    (9,  'Agitación psicomotora', 1),
    (10,  'Ansiedad psíquica', 1),
    (11,  'Ansiedad somática (signos físicos de ansiedad: gastrointestinales: sequedad de boca, diarrea, eructos, indigestión, etc; cardiovasculares: palpitaciones, cefaleas; respiratorios: hiperventilación, suspiros; frecuencia de micción incrementada; transpiración)', 1),
    (12, 'Síntomas somáticos gastrointestinales' , 1),
    (13, 'Síntomas somáticos generales', 1),
    (14, 'Síntomas genitales (tales como: disminución de la líbido y trastornos menstruales', 1),
    (15, 'Hipocondría', 1),
    (16, 'Pérdida de peso', 1),
    (17, 'Introspección', 1);

-- insertar instancia_prueba
INSERT INTO Instancia_Prueba VALUES
    (1, 1, 1),
    (2, 3, 1),
    (3, 5, 1),
    (4, 7, 1),
    (5, 9, 1),
    (6, 11, 1),
    (7, 13, 1),
    (8, 15, 1),
    (9, 17, 1),
    (10, 19, 1);
-- insertar respuestas
INSERT INTO Respuesta VALUES
    (1, 1, 1, 0),
    (2, 1, 2, 3),
    (3, 1, 3, 4),
    (4, 1, 4, 1),
    (5, 1, 5, 2),
    (6, 1, 6, 0),
    (7, 1, 7, 3),
    (8, 1, 8, 2),
    (9, 1, 9, 0),
    (10, 1, 10, 1),
    (11, 1, 11, 1),
    (12, 1, 12, 2),
    (13, 1, 13, 1),
    (14, 1, 14, 2),
    (15, 1, 15, 0),
    (16, 1, 16, 0),
    (17, 1, 17, 2),
    (18, 2, 1, 3),
    (19, 2, 2, 2),
    (20, 2, 3, 0),
    (21, 2, 4, 0),
    (22, 2, 5, 1),
    (23, 2, 6, 1),
    (24, 2, 7, 3),
    (25, 2, 8, 2),
    (26, 2, 9, 0),
    (27, 2, 10, 0),
    (28, 2, 11, 0),
    (29, 2, 12, 0),
    (30, 2, 13, 0),
    (31, 2, 14, 1),
    (32, 2, 15, 2),
    (33, 2, 16, 1),
    (34, 2, 17, 3),
    (35, 3, 1, 2),
    (36, 3, 2, 2),
    (37, 3, 3, 2),
    (38, 3, 4, 0),
    (39, 3, 5, 1),
    (40, 3, 6, 0),
    (41, 3, 7, 1),
    (42, 3, 8, 1),
    (43, 3, 9, 0),
    (44, 3, 10, 4),
    (45, 3, 11, 1),
    (46, 3, 12, 0),
    (47, 3, 13, 1),
    (48, 3, 14, 1),
    (49, 3, 15, 1),
    (50, 3, 16, 1),
    (51, 3, 17, 0),
    (52, 4, 1, 1),
    (53, 4, 2, 3),
    (54, 4, 3, 4),
    (55, 4, 4, 1),
    (56, 4, 5, 0),
    (57, 4, 6, 0),
    (58, 4, 7, 2),
    (59, 4, 8, 3),
    (60, 4, 9, 0),
    (61, 4, 10, 1),
    (62, 4, 11, 0),
    (63, 4, 12, 0),
    (64, 4, 13, 1),
    (65, 4, 14, 0),
    (66, 4, 15, 2),
    (67, 4, 16, 2),
    (68, 4, 17, 2),
    (69, 5, 1, 0),
    (70, 5, 2, 0),
    (71, 5, 3, 0),
    (72, 5, 4, 0),
    (73, 5, 5, 0),
    (74, 5, 6, 0),
    (75, 5, 7, 0),
    (76, 5, 8, 0),
    (77, 5, 9, 0),
    (78, 5, 10, 0),
    (79, 5, 11, 0),
    (80, 5, 12, 0),
    (81, 5, 13, 0),
    (82, 5, 14, 0),
    (83, 5, 15, 0),
    (84, 5, 16, 0),
    (85, 5, 17, 1),
    (86, 6, 1, 1),
    (87, 6, 2, 4),
    (88, 6, 3, 2),
    (89, 6, 4, 0),
    (90, 6, 5, 0),
    (91, 6, 6, 2),
    (92, 6, 7, 1),
    (93, 6, 8, 1),
    (94, 6, 9, 0),
    (95, 6, 10, 0),
    (96, 6, 11, 1),
    (97, 6, 12, 0),
    (98, 6, 13, 2),
    (99, 6, 14, 1),
    (100, 6, 15, 1),
    (101, 6, 16, 2),
    (102, 6, 17, 1),
    (103, 7, 1, 0),
    (104, 7, 2, 0),
    (105, 7, 3, 4),
    (106, 7, 4, 2),
    (107, 7, 5, 0),
    (108, 7, 6, 0),
    (109, 7, 7, 3),
    (110, 7, 8, 3),
    (111, 7, 9, 2),
    (112, 7, 10, 1),
    (113, 7, 11, 3),
    (114, 7, 12, 2),
    (115, 7, 13, 1),
    (116, 7, 14, 0),
    (117, 7, 15, 1),
    (118, 7, 16, 2),
    (119, 7, 17, 1),
    (120, 8, 1, 0),
    (121, 8, 2, 2),
    (122, 8, 3, 0),
    (123, 8, 4, 1),
    (124, 8, 5, 1),
    (125, 8, 6, 0),
    (126, 8, 7, 1),
    (127, 8, 8, 1),
    (128, 8, 9, 3),
    (129, 8, 10, 2),
    (130, 8, 11, 1),
    (131, 8, 12, 2),
    (132, 8, 13, 1),
    (133, 8, 14, 2),
    (134, 8, 15, 3),
    (135, 8, 16, 2),
    (136, 8, 17, 2),
    (137, 9, 1, 4),
    (138, 9, 2, 3),
    (139, 9, 3, 1),
    (140, 9, 4, 0),
    (141, 9, 5, 1),
    (142, 9, 6, 0),
    (143, 9, 7, 1),
    (144, 9, 8, 2),
    (145, 9, 9, 1),
    (146, 9, 10, 0),
    (147, 9, 11, 1),
    (148, 9, 12, 0),
    (149, 9, 13, 2),
    (150, 9, 14, 2),
    (151, 9, 15, 3),
    (152, 9, 16, 0),
    (153, 9, 17, 3),
    (154, 10, 1, 1),
    (155, 10, 2, 1),
    (156, 10, 3, 1),
    (157, 10, 4, 0),
    (158, 10, 5, 0),
    (159, 10, 6, 1),
    (160, 10, 7, 0),
    (161, 10, 8, 1),
    (162, 10, 9, 0),
    (163, 10, 10, 1),
    (164, 10, 11, 0),
    (165, 10, 12, 1),
    (166, 10, 13, 0),
    (167, 10, 14, 1),
    (168, 10, 15, 0),
    (169, 10, 16, 1),
    (170, 10, 17, 0);


-- diagnosticos 
INSERT INTO Diagnostico VALUES
    (1,NULL,'V62.3','Z55.9','Academic or educational problem'),
    (2,NULL,'V62.4','Z60.3','Acculturation difficulty'),
    (3,NULL,'308.3','F43.0','Acute stress disorder'),
    (4,NULL,NULL,NULL,'Adjustment disorder'),
    (5,NULL,'309.9','F43.20','Adjustment disorder, Unspecified'),
    (6,NULL,'309.24','F43.22','Adjustment disorder, With anxiety'),
    (7,NULL,'309','F43.21','Adjustment disorder, With depressed mood'),
    (8,NULL,'309.3','F43.24','Adjustment disorder, With disturbance of conduct'),
    (9,NULL,'309.28','F43.23','Adjustment disorder, With mixed anxiety and depressed mood'),
    (10,NULL,'309.4','F43.25','Adjustment disorder, With mixed disturbance of emotions and conduct'),
    (11,NULL,'V71.01','Z72.811','Adult antisocial behavior'),
    (12,NULL,NULL,NULL,'Adult physical abuse by nonspouse or nonpartner, Confirmed'),
    (13,NULL,'995.81','T74.11XA','Adult physical abuse by nonspouse or nonpartner, Confirmed, Initial encounter'),
    (14,NULL,'995.81','T74.11XD','Adult physical abuse by nonspouse or nonpartner, Confirmed, Subsequent encounter'),
    (15,NULL,NULL,NULL,'Adult physical abuse by nonspouse or nonpartner, Suspected'),
    (16,NULL,'995.81','T76.11XA','Adult physical abuse by nonspouse or nonpartner, Suspected, Initial encounter'),
    (17,NULL,'995.81','T76.11XD','Adult physical abuse by nonspouse or nonpartner, Suspected, Subsequent encounter'),
    (18,NULL,NULL,NULL,'Adult psychological abuse by nonspouse or nonpartner, Confirmed'),
    (19,NULL,'995.82','T74.31XA','Adult psychological abuse by nonspouse or nonpartner, Confirmed, Initial encounter'),
    (20,NULL,'995.82','T74.31XD','Adult psychological abuse by nonspouse or nonpartner, Confirmed, Subsequent encounter'),
    (21,NULL,NULL,NULL,'Adult psychological abuse by nonspouse or nonpartner, Suspected'),
    (22,NULL,'995.82','T76.31XA','Adult psychological abuse by nonspouse or nonpartner, Suspected, Initial encounter'),
    (23,NULL,'995.82','T76.31XD','Adult psychological abuse by nonspouse or nonpartner, Suspected, Subsequent encounter'),
    (24,NULL,NULL,NULL,'Adult sexual abuse by nonspouse or nonpartner, Confirmed'),
    (25,NULL,'995.83','T74.21XA','Adult sexual abuse by nonspouse or nonpartner, Confirmed, Initial encounter'),
    (26,NULL,'995.83','T74.21XD','Adult sexual abuse by nonspouse or nonpartner, Confirmed, Subsequent encounter'),
    (27,NULL,NULL,NULL,'Adult sexual abuse by nonspouse or nonpartner, Suspected'),
    (28,NULL,'995.83','T76.21XA','Adult sexual abuse by nonspouse or nonpartner, Suspected, Initial encounter'),
    (29,NULL,'995.83','T76.21XD','Adult sexual abuse by nonspouse or nonpartner, Suspected, Subsequent encounter'),
    (30,NULL,'307','F98.5','Adult-onset fluency disorder'),
    (31,NULL,'300.22','F40.00','Agoraphobia'),
    (32,NULL,'303',NULL,'Alcohol intoxication'),
    (33,NULL,'291',NULL,'Alcohol intoxication delirium'),
    (34,NULL,NULL,'F10.121','Alcohol intoxication delirium, With mild use disorder'),
    (35,NULL,NULL,'F10.221','Alcohol intoxication delirium, With moderate or severe use disorder'),
    (36,NULL,NULL,'F10.921','Alcohol intoxication delirium, Without use disorder'),
    (37,NULL,NULL,'F10.129','Alcohol intoxication, With mild use disorder'),
    (38,NULL,NULL,'F10.229','Alcohol intoxication, With moderate or severe use disorder'),
    (39,NULL,NULL,'F10.929','Alcohol intoxication, Without use disorder'),
    (40,NULL,NULL,NULL,'Alcohol use disorder'),
    (41,NULL,'305','F10.10','Alcohol use disorder, Mild'),
    (42,NULL,'303.9','F10.20','Alcohol use disorder, Moderate'),
    (43,NULL,'303.9','F10.20','Alcohol use disorder, Severe'),
    (44,NULL,'291.81',NULL,'Alcohol withdrawal'),
    (45,NULL,'291','F10.231','Alcohol withdrawal delirium'),
    (46,NULL,NULL,'F10.232','Alcohol withdrawal, With perceptual disturbances'),
    (47,NULL,NULL,'F10.239','Alcohol withdrawal, Without perceptual disturbances'),
    (48,NULL,'291.89',NULL,'Alcohol-induced anxiety disorder'),
    (49,NULL,NULL,'F10.180','Alcohol-induced anxiety disorder, With mild use disorder'),
    (50,NULL,NULL,'F10.280','Alcohol-induced anxiety disorder, With moderate or severe use disorder'),
    (51,NULL,NULL,'F10.980','Alcohol-induced anxiety disorder, Without use disorder'),
    (52,NULL,'291.89',NULL,'Alcohol-induced bipolar and related disorder'),
    (53,NULL,NULL,'F10.14','Alcohol-induced bipolar and related disorder, With mild use disorder'),
    (54,NULL,NULL,'F10.24','Alcohol-induced bipolar and related disorder, With moderate or severe use disorder'),
    (55,NULL,NULL,'F10.94','Alcohol-induced bipolar and related disorder, Without use disorder'),
    (56,NULL,'291.89',NULL,'Alcohol-induced depressive disorder'),
    (57,NULL,NULL,'F10.14','Alcohol-induced depressive disorder, With mild use disorder'),
    (58,NULL,NULL,'F10.24','Alcohol-induced depressive disorder, With moderate or severe use disorder'),
    (59,NULL,NULL,'F10.94','Alcohol-induced depressive disorder, Without use disorder'),
    (60,NULL,'291.1',NULL,'Alcohol-induced major neurocognitive disorder, Amnestic confabulatory type'),
    (61,NULL,NULL,'F10.26','Alcohol-induced major neurocognitive disorder, Amnestic confabulatory type, With moderate or severe use disorder'),
    (62,NULL,NULL,'F10.96','Alcohol-induced major neurocognitive disorder, Amnestic confabulatory type, Without use disorder'),
    (63,NULL,'291.2',NULL,'Alcohol-induced major neurocognitive disorder, Nonamnestic confabulatory type'),
    (64,NULL,NULL,'F10.27','Alcohol-induced major neurocognitive disorder, Nonamnestic confabulatory type, With moderate or severe use disorder'),
    (65,NULL,NULL,'F10.97','Alcohol-induced major neurocognitive disorder, Nonamnestic confabulatory type, Without use disorder'),
    (66,NULL,'291.89',NULL,'Alcohol-induced mild neurocognitive disorder'),
    (67,NULL,NULL,'F10.288','Alcohol-induced mild neurocognitive disorder, With moderate or severe use disorder'),
    (68,NULL,NULL,'F10.988','Alcohol-induced mild neurocognitive disorder, Without use disorder'),
    (69,NULL,'291.9',NULL,'Alcohol-induced psychotic disorder'),
    (70,NULL,NULL,'F10.159','Alcohol-induced psychotic disorder, With mild use disorder'),
    (71,NULL,NULL,'F10.259','Alcohol-induced psychotic disorder, With moderate or severe use disorder'),
    (72,NULL,NULL,'F10.959','Alcohol-induced psychotic disorder, Without use disorder'),
    (73,NULL,'291.89',NULL,'Alcohol-induced sexual dysfunction'),
    (74,NULL,NULL,'F10.181','Alcohol-induced sexual dysfunction, With mild use disorder'),
    (75,NULL,NULL,'F10.281','Alcohol-induced sexual dysfunction, With moderate or severe use disorder'),
    (76,NULL,NULL,'F10.981','Alcohol-induced sexual dysfunction, Without use disorder'),
    (77,NULL,'291.82',NULL,'Alcohol-induced sleep disorder'),
    (78,NULL,NULL,'F10.182','Alcohol-induced sleep disorder, With mild use disorder'),
    (79,NULL,NULL,'F10.282','Alcohol-induced sleep disorder, With moderate or severe use disorder'),
    (80,NULL,NULL,'F10.982','Alcohol-induced sleep disorder, Without use disorder'),
    (81,NULL,'292.81',NULL,'Amphetamine (or other stimulant) intoxication delirium'),
    (82,NULL,NULL,'F15.121','Amphetamine (or other stimulant) intoxication delirium, With mild use disorder'),
    (83,NULL,NULL,'F15.221','Amphetamine (or other stimulant) intoxication delirium, With moderate or severe use disorder'),
    (84,NULL,NULL,'F15.921','Amphetamine (or other stimulant) intoxication delirium, Without use disorder'),
    (85,NULL,'292.89',NULL,'Amphetamine (or other stimulant)-induced anxiety disorder'),
    (86,NULL,NULL,'F15.180','Amphetamine (or other stimulant)-induced anxiety disorder, With mild use disorder'),
    (87,NULL,NULL,'F15.280','Amphetamine (or other stimulant)-induced anxiety disorder, With moderate or severe use disorder'),
    (88,NULL,NULL,'F15.980','Amphetamine (or other stimulant)-induced anxiety disorder, Without use disorder'),
    (89,NULL,'292.84',NULL,'Amphetamine (or other stimulant)-induced bipolar and related disorder'),
    (90,NULL,NULL,'F15.14','Amphetamine (or other stimulant)-induced bipolar and related disorder, With mild use disorder'),
    (91,NULL,NULL,'F15.24','Amphetamine (or other stimulant)-induced bipolar and related disorder, With moderate or severe use disorder'),
    (92,NULL,NULL,'F15.94','Amphetamine (or other stimulant)-induced bipolar and related disorder, Without use disorder'),
    (93,NULL,NULL,'F15.921','Amphetamine (or other stimulant)-induced delirium'),
    (94,NULL,'292.84',NULL,'Amphetamine (or other stimulant)-induced depressive disorder'),
    (95,NULL,NULL,'F15.14','Amphetamine (or other stimulant)-induced depressive disorder, With mild use disorder'),
    (96,NULL,NULL,'F15.24','Amphetamine (or other stimulant)-induced depressive disorder, With moderate or severe use disorder'),
    (97,NULL,NULL,'F15.94','Amphetamine (or other stimulant)-induced depressive disorder, Without use disorder'),
    (98,NULL,'292.89',NULL,'Amphetamine (or other stimulant)-induced obsessive-compulsive and related disorder'),
    (99,NULL,NULL,'F15.188','Amphetamine (or other stimulant)-induced obsessive-compulsive and related disorder, With mild use disorder'),
    (100,NULL,NULL,'F15.288','Amphetamine (or other stimulant)-induced obsessive-compulsive and related disorder, With moderate or severe use disorder'),
    (101,NULL,NULL,'F15.988','Amphetamine (or other stimulant)-induced obsessive-compulsive and related disorder, Without use disorder'),
    (102,NULL,'292.9',NULL,'Amphetamine (or other stimulant)-induced psychotic disorder'),
    (103,NULL,NULL,'F15.159','Amphetamine (or other stimulant)-induced psychotic disorder, With mild use disorder'),
    (104,NULL,NULL,'F15.259','Amphetamine (or other stimulant)-induced psychotic disorder, With moderate or severe use disorder'),
    (105,NULL,NULL,'F15.959','Amphetamine (or other stimulant)-induced psychotic disorder, Without use disorder'),
    (106,NULL,'292.89',NULL,'Amphetamine (or other stimulant)-induced sexual dysfunction'),
    (107,NULL,NULL,'F15.181','Amphetamine (or other stimulant)-induced sexual dysfunction, With mild use disorder'),
    (108,NULL,NULL,'F15.281','Amphetamine (or other stimulant)-induced sexual dysfunction, With moderate or severe use disorder'),
    (109,NULL,NULL,'F15.981','Amphetamine (or other stimulant)-induced sexual dysfunction, Without use disorder'),
    (110,NULL,'292.85',NULL,'Amphetamine (or other stimulant)-induced sleep disorder'),
    (111,NULL,NULL,'F15.182','Amphetamine (or other stimulant)-induced sleep disorder, With mild use disorder'),
    (112,NULL,NULL,'F15.282','Amphetamine (or other stimulant)-induced sleep disorder, With moderate or severe use disorder'),
    (113,NULL,NULL,'F15.982','Amphetamine (or other stimulant)-induced sleep disorder, Without use disorder'),
    (114,NULL,'292.89',NULL,'Amphetamine or other stimulant intoxication'),
    (115,NULL,NULL,NULL,'Amphetamine or other stimulant intoxication, With perceptual disturbances'),
    (116,NULL,NULL,'F15.122','Amphetamine or other stimulant intoxication, With perceptual disturbances, With mild use disorder'),
    (117,NULL,NULL,'F15.222','Amphetamine or other stimulant intoxication, With perceptual disturbances, With moderate or severe use disorder'),
    (118,NULL,NULL,'F15.922','Amphetamine or other stimulant intoxication, With perceptual disturbances, Without use disorder'),
    (119,NULL,NULL,NULL,'Amphetamine or other stimulant intoxication, Without perceptual disturbances'),
    (120,NULL,NULL,'F15.129','Amphetamine or other stimulant intoxication, Without perceptual disturbances, With mild use disorder'),
    (121,NULL,NULL,'F15.229','Amphetamine or other stimulant intoxication, Without perceptual disturbances, With moderate or severe use disorder'),
    (122,NULL,NULL,'F15.929','Amphetamine or other stimulant intoxication, Without perceptual disturbances, Without use disorder'),
    (123,NULL,'292','F15.23','Amphetamine or other stimulant withdrawal'),
    (124,NULL,NULL,NULL,'Amphetamine-type substance use disorder'),
    (125,NULL,'305.7','F15.10','Amphetamine-type substance use disorder, Mild'),
    (126,NULL,'304.4','F15.20','Amphetamine-type substance use disorder, Moderate'),
    (127,NULL,'304.4','F15.20','Amphetamine-type substance use disorder, Severe'),
    (128,NULL,'307.1',NULL,'Anorexia nervosa'),
    (129,NULL,NULL,'F50.02','Anorexia nervosa, Binge-eating/purging type'),
    (130,NULL,NULL,'F50.01','Anorexia nervosa, Restricting type'),
    (131,NULL,NULL,NULL,'Antidepressant discontinuation syndrome'),
    (132,NULL,'995.29','T43.205A','Antidepressant discontinuation syndrome, Initial encounter'),
    (133,NULL,'995.29','T43.205S','Antidepressant discontinuation syndrome, Sequelae'),
    (134,NULL,'995.29','T43.205D','Antidepressant discontinuation syndrome, Subsequent encounter'),
    (135,NULL,'301.7','F60.2','Antisocial personality disorder'),
    (136,NULL,'293.84','F06.4','Anxiety disorder due to another medical condition'),
    (137,NULL,NULL,NULL,'Attention-deficit/hyperactivity disorder'),
    (138,NULL,'314.01','F90.2','Attention-deficit/hyperactivity disorder, Combined presentation'),
    (139,NULL,'314.01','F90.1','Attention-deficit/hyperactivity disorder, Predominantly hyperactive/impulsive presentation'),
    (140,NULL,'314','F90.0','Attention-deficit/hyperactivity disorder, Predominantly inattentive presentation'),
    (141,NULL,'299','F84.0','Autism spectrum disorder'),
    (142,NULL,'347','G47.419','Autosomal dominant cerebellar ataxia, deafness, and narcolepsy'),
    (143,NULL,'347','G47.419','Autosomal dominant narcolepsy, obesity, and type 2 diabetes'),
    (144,NULL,'301.82','F60.6','Avoidant personality disorder'),
    (145,NULL,'307.59','F50.8','Avoidant/restrictive food intake disorder'),
    (146,NULL,'307.51','F50.8','Binge-eating disorder'),
    (147,NULL,'293.83',NULL,'Bipolar and related disorder due to another medical condition'),
    (148,NULL,NULL,'F06.33','Bipolar and related disorder due to another medical condition, With manic features'),
    (149,NULL,NULL,'F06.33','Bipolar and related disorder due to another medical condition, With manic- or hypomanic-like episodes'),
    (150,NULL,NULL,'F06.34','Bipolar and related disorder due to another medical condition, With mixed features'),
    (151,NULL,NULL,NULL,'Bipolar I disorder, Current or most recent episode depressed'),
    (152,NULL,'296.56','F31.76','Bipolar I disorder, Current or most recent episode depressed, In full remission'),
    (153,NULL,'296.55','F31.75','Bipolar I disorder, Current or most recent episode depressed, In partial remission'),
    (154,NULL,'296.51','F31.31','Bipolar I disorder, Current or most recent episode depressed, Mild'),
    (155,NULL,'296.52','F31.32','Bipolar I disorder, Current or most recent episode depressed, Moderate'),
    (156,NULL,'296.53','F31.4','Bipolar I disorder, Current or most recent episode depressed, Severe'),
    (157,NULL,'296.5','F31.9','Bipolar I disorder, Current or most recent episode depressed, Unspecified'),
    (158,NULL,'296.54','F31.5','Bipolar I disorder, Current or most recent episode depressed, With psychotic features'),
    (159,NULL,'296.4','F31.0','Bipolar I disorder, Current or most recent episode hypomanic'),
    (160,NULL,'296.46','F31.74','Bipolar I disorder, Current or most recent episode hypomanic, In full remission'),
    (161,NULL,'296.45','F31.73','Bipolar I disorder, Current or most recent episode hypomanic, In partial remission'),
    (162,NULL,'296.4','F31.9','Bipolar I disorder, Current or most recent episode hypomanic, Unspecified'),
    (163,NULL,NULL,NULL,'Bipolar I disorder, Current or most recent episode manic'),
    (164,NULL,'296.46','F31.74','Bipolar I disorder, Current or most recent episode manic, In full remission'),
    (165,NULL,'296.45','F31.73','Bipolar I disorder, Current or most recent episode manic, In partial remission'),
    (166,NULL,'296.41','F31.11','Bipolar I disorder, Current or most recent episode manic, Mild'),
    (167,NULL,'296.42','F31.12','Bipolar I disorder, Current or most recent episode manic, Moderate'),
    (168,NULL,'296.43','F31.13','Bipolar I disorder, Current or most recent episode manic, Severe'),
    (169,NULL,'296.4','F31.9','Bipolar I disorder, Current or most recent episode manic, Unspecified'),
    (170,NULL,'296.44','F31.2','Bipolar I disorder, Current or most recent episode manic, With psychotic features'),
    (171,NULL,'296.7','F31.9','Bipolar I disorder, Current or most recent episode unspecified'),
    (172,NULL,'296.89','F31.81','Bipolar II disorder'),
    (173,NULL,'300.7','F45.22','Body dysmorphic disorder'),
    (174,NULL,'V62.89','R41.83','Borderline intellectual functioning'),
    (175,NULL,'301.83','F60.3','Borderline personality disorder'),
    (176,NULL,'298.8','F23','Brief psychotic disorder'),
    (177,NULL,'307.51','F50.2','Bulimia nervosa'),
    (178,NULL,'305.9','F15.929','Caffeine intoxication'),
    (179,NULL,'292','F15.93','Caffeine withdrawal'),
    (180,NULL,'292.89',NULL,'Caffeine-induced anxiety disorder'),
    (181,NULL,NULL,'F15.180','Caffeine-induced anxiety disorder, With mild use disorder'),
    (182,NULL,NULL,'F15.280','Caffeine-induced anxiety disorder, With moderate or severe use disorder'),
    (183,NULL,NULL,'F15.980','Caffeine-induced anxiety disorder, Without use disorder'),
    (184,NULL,'292.85',NULL,'Caffeine-induced sleep disorder'),
    (185,NULL,NULL,'F15.182','Caffeine-induced sleep disorder, With mild use disorder'),
    (186,NULL,NULL,'F15.282','Caffeine-induced sleep disorder, With moderate or severe use disorder'),
    (187,NULL,NULL,'F15.982','Caffeine-induced sleep disorder, Without use disorder'),
    (188,NULL,'292.89',NULL,'Cannabis intoxication'),
    (189,NULL,'292.81',NULL,'Cannabis intoxication delirium'),
    (190,NULL,NULL,'F12.121','Cannabis intoxication delirium, With mild use disorder'),
    (191,NULL,NULL,'F12.221','Cannabis intoxication delirium, With moderate or severe use disorder'),
    (192,NULL,NULL,'F12.921','Cannabis intoxication delirium, Without use disorder'),
    (193,NULL,NULL,NULL,'Cannabis intoxication, With perceptual disturbances'),
    (194,NULL,NULL,'F12.122','Cannabis intoxication, With perceptual disturbances, With mild use disorder'),
    (195,NULL,NULL,'F12.222','Cannabis intoxication, With perceptual disturbances, With moderate or severe use disorder'),
    (196,NULL,NULL,'F12.922','Cannabis intoxication, With perceptual disturbances, Without use disorder'),
    (197,NULL,NULL,NULL,'Cannabis intoxication, Without perceptual disturbances'),
    (198,NULL,NULL,'F12.129','Cannabis intoxication, Without perceptual disturbances, With mild use disorder'),
    (199,NULL,NULL,'F12.229','Cannabis intoxication, Without perceptual disturbances, With moderate or severe use disorder'),
    (200,NULL,NULL,'F12.929','Cannabis intoxication, Without perceptual disturbances, Without use disorder'),
    (201,NULL,NULL,NULL,'Cannabis use disorder'),
    (202,NULL,'305.2','F12.10','Cannabis use disorder, Mild'),
    (203,NULL,'304.3','F12.20','Cannabis use disorder, Moderate'),
    (204,NULL,'304.3','F12.20','Cannabis use disorder, Severe'),
    (205,NULL,'292','F12.288','Cannabis withdrawal'),
    (206,NULL,'292.89',NULL,'Cannabis-induced anxiety disorder'),
    (207,NULL,NULL,'F12.180','Cannabis-induced anxiety disorder, With mild use disorder'),
    (208,NULL,NULL,'F12.280','Cannabis-induced anxiety disorder, With moderate or severe use disorder'),
    (209,NULL,NULL,'F12.980','Cannabis-induced anxiety disorder, Without use disorder'),
    (210,NULL,'292.9',NULL,'Cannabis-induced psychotic disorder'),
    (211,NULL,NULL,'F12.159','Cannabis-induced psychotic disorder, With mild use disorder'),
    (212,NULL,NULL,'F12.259','Cannabis-induced psychotic disorder, With moderate or severe use disorder'),
    (213,NULL,NULL,'F12.959','Cannabis-induced psychotic disorder, Without use disorder'),
    (214,NULL,'292.85',NULL,'Cannabis-induced sleep disorder'),
    (215,NULL,NULL,'F12.188','Cannabis-induced sleep disorder, With mild use disorder'),
    (216,NULL,NULL,'F12.288','Cannabis-induced sleep disorder, With moderate or severe use disorder'),
    (217,NULL,NULL,'F12.988','Cannabis-induced sleep disorder, Without use disorder'),
    (218,NULL,'293.89','F06.1','Catatonia associated with another mental disorder (catatonia specifier)'),
    (219,NULL,'293.89','F06.1','Catatonic disorder due to another medical condition'),
    (220,NULL,NULL,NULL,'Central sleep apnea'),
    (221,NULL,'780.57','G47.37','Central sleep apnea comorbid with opioid use'),
    (222,NULL,'786.04','R06.3','Cheyne-Stokes breathing'),
    (223,NULL,'V61.29','Z62.898','Child affected by parental relationship distress'),
    (224,NULL,NULL,NULL,'Child neglect, Confirmed'),
    (225,NULL,'995.52','T74.02XA','Child neglect, Confirmed, Initial encounter'),
    (226,NULL,'995.52','T74.02XD','Child neglect, Confirmed, Subsequent encounter'),
    (227,NULL,NULL,NULL,'Child neglect, Suspected'),
    (228,NULL,'995.52','T76.02XA','Child neglect, Suspected, Initial encounter'),
    (229,NULL,'995.52','T76.02XD','Child neglect, Suspected, Subsequent encounter'),
    (230,NULL,'V71.02','Z72.810','Child or adolescent antisocial behavior'),
    (231,NULL,NULL,NULL,'Child physical abuse, Confirmed'),
    (232,NULL,'995.54','T74.12XA','Child physical abuse, Confirmed, Initial encounter'),
    (233,NULL,'995.54','T74.12XD','Child physical abuse, Confirmed, Subsequent encounter'),
    (234,NULL,NULL,NULL,'Child physical abuse, Suspected'),
    (235,NULL,'995.54','T76.12XA','Child physical abuse, Suspected, Initial encounter'),
    (236,NULL,'995.54','T76.12XD','Child physical abuse, Suspected, Subsequent encounter'),
    (237,NULL,NULL,NULL,'Child psychological abuse, Confirmed'),
    (238,NULL,'995.51','T74.32XA','Child psychological abuse, Confirmed, Initial encounter'),
    (239,NULL,'995.51','T74.32XD','Child psychological abuse, Confirmed, Subsequent encounter'),
    (240,NULL,NULL,NULL,'Child psychological abuse, Suspected'),
    (241,NULL,'995.51','T76.32XA','Child psychological abuse, Suspected, Initial encounter'),
    (242,NULL,'995.51','T76.32XD','Child psychological abuse, Suspected, Subsequent encounter'),
    (243,NULL,NULL,NULL,'Child sexual abuse, Confirmed'),
    (244,NULL,'995.53','T74.22XA','Child sexual abuse, Confirmed, Initial encounter'),
    (245,NULL,'995.53','T74.22XD','Child sexual abuse, Confirmed, Subsequent encounter'),
    (246,NULL,NULL,NULL,'Child sexual abuse, Suspected'),
    (247,NULL,'995.53','T76.22XA','Child sexual abuse, Suspected, Initial encounter'),
    (248,NULL,'995.53','T76.22XD','Child sexual abuse, Suspected, Subsequent encounter'),
    (249,NULL,'315.35','F80.81','Childhood-onset fluency disorder (stuttering)'),
    (250,NULL,NULL,NULL,'Circadian rhythm sleep-wake disorders');
INSERT INTO Diagnostico VALUES
    (251,NULL,'307.45','G47.22','Circadian rhythm sleep-wake disorders, Advanced sleep phase type'),
    (252,NULL,'307.45','G47.21','Circadian rhythm sleep-wake disorders, Delayed sleep phase type'),
    (253,NULL,'307.45','G47.23','Circadian rhythm sleep-wake disorders, Irregular sleep-wake type'),
    (254,NULL,'307.45','G47.24','Circadian rhythm sleep-wake disorders, Non-24-hour sleep-wake type'),
    (255,NULL,'307.45','G47.26','Circadian rhythm sleep-wake disorders, Shift work type'),
    (256,NULL,'307.45','G47.20','Circadian rhythm sleep-wake disorders, Unspecified type'),
    (257,NULL,'292.89',NULL,'Cocaine intoxication'),
    (258,NULL,'292.81',NULL,'Cocaine intoxication delirium'),
    (259,NULL,NULL,'F14.121','Cocaine intoxication delirium, With mild use disorder'),
    (260,NULL,NULL,'F14.221','Cocaine intoxication delirium, With moderate or severe use disorder'),
    (261,NULL,NULL,'F14.921','Cocaine intoxication delirium, Without use disorder'),
    (262,NULL,NULL,NULL,'Cocaine intoxication, With perceptual disturbances'),
    (263,NULL,NULL,'F14.122','Cocaine intoxication, With perceptual disturbances, With mild use disorder'),
    (264,NULL,NULL,'F14.222','Cocaine intoxication, With perceptual disturbances, With moderate or severe use disorder'),
    (265,NULL,NULL,'F14.922','Cocaine intoxication, With perceptual disturbances, Without use disorder'),
    (266,NULL,NULL,NULL,'Cocaine intoxication, Without perceptual disturbances'),
    (267,NULL,NULL,'F14.129','Cocaine intoxication, Without perceptual disturbances, With mild use disorder'),
    (268,NULL,NULL,'F14.229','Cocaine intoxication, Without perceptual disturbances, With moderate or severe use disorder'),
    (269,NULL,NULL,'F14.929','Cocaine intoxication, Without perceptual disturbances, Without use disorder'),
    (270,NULL,NULL,NULL,'Cocaine use disorder'),
    (271,NULL,'305.6','F14.10','Cocaine use disorder, Mild'),
    (272,NULL,'304.2','F14.20','Cocaine use disorder, Moderate'),
    (273,NULL,'304.2','F14.20','Cocaine use disorder, Severe'),
    (274,NULL,'292','F14.23','Cocaine withdrawal'),
    (275,NULL,'292.89',NULL,'Cocaine-induced anxiety disorder'),
    (276,NULL,NULL,'F14.180','Cocaine-induced anxiety disorder, With mild use disorder'),
    (277,NULL,NULL,'F14.280','Cocaine-induced anxiety disorder, With moderate or severe use disorder'),
    (278,NULL,NULL,'F14.980','Cocaine-induced anxiety disorder, Without use disorder'),
    (279,NULL,'292.84',NULL,'Cocaine-induced bipolar and related disorder'),
    (280,NULL,NULL,'F14.14','Cocaine-induced bipolar and related disorder, With mild use disorder'),
    (281,NULL,NULL,'F14.24','Cocaine-induced bipolar and related disorder, With moderate or severe use disorder'),
    (282,NULL,NULL,'F14.94','Cocaine-induced bipolar and related disorder, Without use disorder'),
    (283,NULL,'292.84',NULL,'Cocaine-induced depressive disorder'),
    (284,NULL,NULL,'F14.14','Cocaine-induced depressive disorder, With mild use disorder'),
    (285,NULL,NULL,'F14.24','Cocaine-induced depressive disorder, With moderate or severe use disorder'),
    (286,NULL,NULL,'F14.94','Cocaine-induced depressive disorder, Without use disorder'),
    (287,NULL,'292.89',NULL,'Cocaine-induced obsessive-compulsive and related disorder'),
    (288,NULL,NULL,'F14.188','Cocaine-induced obsessive-compulsive and related disorder, With mild use disorder'),
    (289,NULL,NULL,'F14.288','Cocaine-induced obsessive-compulsive and related disorder, With moderate or severe use disorder'),
    (290,NULL,NULL,'F14.988','Cocaine-induced obsessive-compulsive and related disorder, Without use disorder'),
    (291,NULL,'292.9',NULL,'Cocaine-induced psychotic disorder'),
    (292,NULL,NULL,'F14.159','Cocaine-induced psychotic disorder, With mild use disorder'),
    (293,NULL,NULL,'F14.259','Cocaine-induced psychotic disorder, With moderate or severe use disorder'),
    (294,NULL,NULL,'F14.959','Cocaine-induced psychotic disorder, Without use disorder'),
    (295,NULL,'292.89',NULL,'Cocaine-induced sexual dysfunction'),
    (296,NULL,NULL,'F14.181','Cocaine-induced sexual dysfunction, With mild use disorder'),
    (297,NULL,NULL,'F14.281','Cocaine-induced sexual dysfunction, With moderate or severe use disorder'),
    (298,NULL,NULL,'F14.981','Cocaine-induced sexual dysfunction, Without use disorder'),
    (299,NULL,'292.85',NULL,'Cocaine-induced sleep disorder'),
    (300,NULL,NULL,'F14.182','Cocaine-induced sleep disorder, With mild use disorder'),
    (301,NULL,NULL,'F14.282','Cocaine-induced sleep disorder, With moderate or severe use disorder'),
    (302,NULL,NULL,'F14.982','Cocaine-induced sleep disorder, Without use disorder'),
    (303,NULL,'327.26','G47.36','Comorbid sleep-related hypoventilation'),
    (304,NULL,NULL,NULL,'Conduct disorder'),
    (305,NULL,'312.82','F91.2','Conduct disorder, Adolescent-onset type'),
    (306,NULL,'312.81','F91.1','Conduct disorder, Childhood-onset type'),
    (307,NULL,'312.89','F91.9','Conduct disorder, Unspecified onset'),
    (308,NULL,'327.25','G47.35','Congenital central alveolar hypoventilation'),
    (309,NULL,'300.11',NULL,'Conversion disorder (functional neurological symptom disorder)'),
    (310,NULL,NULL,'F44.4','Conversion disorder (functional neurological symptom disorder), With abnormal movement'),
    (311,NULL,NULL,'F44.6','Conversion disorder (functional neurological symptom disorder), With anesthesia or sensory loss'),
    (312,NULL,NULL,'F44.5','Conversion disorder (functional neurological symptom disorder), With attacks or seizures'),
    (313,NULL,NULL,'F44.7','Conversion disorder (functional neurological symptom disorder), With mixed symptoms'),
    (314,NULL,NULL,'F44.6','Conversion disorder (functional neurological symptom disorder), With special sensory symptoms'),
    (315,NULL,NULL,'F44.4','Conversion disorder (functional neurological symptom disorder), With speech symptoms'),
    (316,NULL,NULL,'F44.4','Conversion disorder (functional neurological symptom disorder), With swallowing symptoms'),
    (317,NULL,NULL,'F44.4','Conversion disorder (functional neurological symptom disorder), With weakness/paralysis'),
    (318,NULL,'V62.5','Z65.0','Conviction in civil or criminal proceedings without imprisonment'),
    (319,NULL,'301.13','F34.0','Cyclothymic disorder'),
    (320,NULL,'302.74','F52.32','Delayed ejaculation'),
    (321,NULL,NULL,NULL,'Delirium'),
    (322,NULL,'293','F05','Delirium due to another medical condition'),
    (323,NULL,'293','F05','Delirium due to multiple etiologies'),
    (324,NULL,'297.1','F22','Delusional disorder'),
    (325,NULL,'301.6','F60.7','Dependent personality disorder'),
    (326,NULL,'300.6','F48.1','Depersonalization/derealization disorder'),
    (327,NULL,'293.83',NULL,'Depressive disorder due to another medical condition'),
    (328,NULL,NULL,'F06.31','Depressive disorder due to another medical condition, With depressive features'),
    (329,NULL,NULL,'F06.32','Depressive disorder due to another medical condition, With major depressive-like episode'),
    (330,NULL,NULL,'F06.34','Depressive disorder due to another medical condition, With mixed features'),
    (331,NULL,'315.4','F82','Developmental coordination disorder'),
    (332,NULL,'V60.89','Z59.2','Discord with neighbor, lodger, or landlord'),
    (333,NULL,'V62.89','Z64.4','Discord with social service provider, including probation officer, case manager, or social services worker'),
    (334,NULL,'313.89','F94.2','Disinhibited social engagement disorder'),
    (335,NULL,'V61.03','Z63.5','Disruption of family by separation or divorce'),
    (336,NULL,'296.99','F34.8','Disruptive mood dysregulation disorder'),
    (337,NULL,'300.12','F44.0','Dissociative amnesia'),
    (338,NULL,'300.13','F44.1','Dissociative amnesia, with dissociative fugue'),
    (339,NULL,'300.14','F44.81','Dissociative identity disorder'),
    (340,NULL,'307.7','F98.1','Encopresis'),
    (341,NULL,'307.6','F98.0','Enuresis'),
    (342,NULL,'302.72','F52.21','Erectile disorder'),
    (343,NULL,'698.4','L98.1','Excoriation (skin-picking) disorder'),
    (344,NULL,'302.4','F65.2','Exhibitionistic disorder'),
    (345,NULL,'V62.22','Z65.5','Exposure to disaster, war, or other hostilities'),
    (346,NULL,'V60.2','Z59.5','Extreme poverty'),
    (347,NULL,'300.19','F68.10','Factitious disorder'),
    (348,NULL,'302.73','F52.31','Female orgasmic disorder'),
    (349,NULL,'302.72','F52.22','Female sexual interest/arousal disorder'),
    (350,NULL,'302.81','F65.0','Fetishistic disorder'),
    (351,NULL,'302.89','F65.81','Frotteuristic disorder'),
    (352,1,'312.31','F63.0','Gambling disorder'),
    (353,NULL,'302.85','F64.1','Gender dysphoria in adolescents and adults'),
    (354,NULL,'302.6','F64.2','Gender dysphoria in children'),
    (355,NULL,'300.02','F41.1','Generalized anxiety disorder'),
    (356,NULL,'302.76','F52.6','Genito-pelvic pain/penetration disorder'),
    (357,NULL,'315.8','F88','Global developmental delay'),
    (358,NULL,'292.89','F16.983','Hallucinogen persisting perception disorder'),
    (359,NULL,'V61.8','Z63.8','High expressed emotion level within family'),
    (360,NULL,'301.5','F60.4','Histrionic personality disorder'),
    (361,NULL,'300.3','F42','Hoarding disorder'),
    (362,NULL,'V60.0','Z59.0','Homelessness'),
    (363,NULL,'780.54','G47.10','Hypersomnolence disorder'),
    (364,NULL,'327.21','G47.31','Idiopathic central sleep apnea'),
    (365,NULL,'327.24','G47.34','Idiopathic hypoventilation'),
    (366,NULL,'300.7','F45.21','Illness anxiety disorder'),
    (367,NULL,'V62.5','Z65.1','Imprisonment or other incarceration'),
    (368,NULL,'V60.1','Z59.1','Inadequate housing'),
    (369,NULL,'292.89',NULL,'Inhalant intoxication'),
    (370,NULL,'292.81',NULL,'Inhalant intoxication delirium'),
    (371,NULL,NULL,'F18.121','Inhalant intoxication delirium, With mild use disorder'),
    (372,NULL,NULL,'F18.221','Inhalant intoxication delirium, With moderate or severe use disorder'),
    (373,NULL,NULL,'F18.921','Inhalant intoxication delirium, Without use disorder'),
    (374,NULL,NULL,'F18.129','Inhalant intoxication, With mild use disorder'),
    (375,NULL,NULL,'F18.229','Inhalant intoxication, With moderate or severe use disorder'),
    (376,NULL,NULL,'F18.929','Inhalant intoxication, Without use disorder'),
    (377,NULL,NULL,NULL,'Inhalant use disorder'),
    (378,NULL,'305.9','F18.10','Inhalant use disorder, Mild'),
    (379,NULL,'304.6','F18.20','Inhalant use disorder, Moderate'),
    (380,NULL,'304.6','F18.20','Inhalant use disorder, Severe'),
    (381,NULL,'292.89',NULL,'Inhalant-induced anxiety disorder'),
    (382,NULL,NULL,'F18.180','Inhalant-induced anxiety disorder, With mild use disorder'),
    (383,NULL,NULL,'F18.280','Inhalant-induced anxiety disorder, With moderate or severe use disorder'),
    (384,NULL,NULL,'F18.980','Inhalant-induced anxiety disorder, Without use disorder'),
    (385,NULL,'292.84',NULL,'Inhalant-induced depressive disorder'),
    (386,NULL,NULL,'F18.14','Inhalant-induced depressive disorder, With mild use disorder'),
    (387,NULL,NULL,'F18.24','Inhalant-induced depressive disorder, With moderate or severe use disorder'),
    (388,NULL,NULL,'F18.94','Inhalant-induced depressive disorder, Without use disorder'),
    (389,NULL,'292.82',NULL,'Inhalant-induced major neurocognitive disorder'),
    (390,NULL,NULL,'F18.17','Inhalant-induced major neurocognitive disorder, With mild use disorder'),
    (391,NULL,NULL,'F18.27','Inhalant-induced major neurocognitive disorder, With moderate or severe use disorder'),
    (392,NULL,NULL,'F18.97','Inhalant-induced major neurocognitive disorder, Without use disorder'),
    (393,NULL,'292.89',NULL,'Inhalant-induced mild neurocognitive disorder'),
    (394,NULL,NULL,'F18.188','Inhalant-induced mild neurocognitive disorder, With mild use disorder'),
    (395,NULL,NULL,'F18.288','Inhalant-induced mild neurocognitive disorder, With moderate or severe use disorder'),
    (396,NULL,NULL,'F18.988','Inhalant-induced mild neurocognitive disorder, Without use disorder'),
    (397,NULL,'292.9',NULL,'Inhalant-induced psychotic disorder'),
    (398,NULL,NULL,'F18.159','Inhalant-induced psychotic disorder, With mild use disorder'),
    (399,NULL,NULL,'F18.259','Inhalant-induced psychotic disorder, With moderate or severe use disorder'),
    (400,NULL,NULL,'F18.959','Inhalant-induced psychotic disorder, Without use disorder'),
    (401,NULL,'780.52','G47.00','Insomnia disorder'),
    (402,NULL,'V60.2','Z59.7','Insufficient social insurance or welfare support'),
    (403,NULL,'319',NULL,'Intellectual disability (intellectual developmental disorder)'),
    (404,NULL,'317','F70','Intellectual disability (intellectual developmental disorder), Mild'),
    (405,NULL,'318','F71','Intellectual disability (intellectual developmental disorder), Moderate'),
    (406,NULL,'318.2','F73','Intellectual disability (intellectual developmental disorder), Profound'),
    (407,NULL,'318.1','F72','Intellectual disability (intellectual developmental disorder), Severe'),
    (408,NULL,'312.34','F63.81','Intermittent explosive disorder'),
    (409,NULL,'312.32','F63.2','Kleptomania'),
    (410,NULL,'V60.2','Z59.4','Lack of adequate food or safe drinking water'),
    (411,NULL,'315.39','F80.9','Language disorder'),
    (412,NULL,'V60.2','Z59.6','Low income'),
    (413,NULL,NULL,NULL,'Major depressive disorder, Recurrent episode'),
    (414,NULL,'296.36','F33.42','Major depressive disorder, Recurrent episode, In full remission'),
    (415,NULL,'296.35','F33.41','Major depressive disorder, Recurrent episode, In partial remission'),
    (416,NULL,'296.31','F33.0','Major depressive disorder, Recurrent episode, Mild'),
    (417,NULL,'296.32','F33.1','Major depressive disorder, Recurrent episode, Moderate'),
    (418,NULL,'296.33','F33.2','Major depressive disorder, Recurrent episode, Severe'),
    (419,NULL,'296.3','F33.9','Major depressive disorder, Recurrent episode, Unspecified'),
    (420,NULL,'296.34','F33.3','Major depressive disorder, Recurrent episode, With psychotic features'),
    (421,NULL,NULL,NULL,'Major depressive disorder, Single episode'),
    (422,NULL,'296.26','F32.5','Major depressive disorder, Single episode, In full remission'),
    (423,NULL,'296.25','F32.4','Major depressive disorder, Single episode, In partial remission'),
    (424,NULL,'296.21','F32.0','Major depressive disorder, Single episode, Mild'),
    (425,NULL,'296.22','F32.1','Major depressive disorder, Single episode, Moderate'),
    (426,NULL,'296.23','F32.2','Major depressive disorder, Single episode, Severe'),
    (427,NULL,'296.2','F32.9','Major depressive disorder, Single episode, Unspecified'),
    (428,NULL,'296.24','F32.3','Major depressive disorder, Single episode, With psychotic features'),
    (429,NULL,'331.9','G31.9','Major frontotemporal neurocognitive disorder, Possible'),
    (430,NULL,NULL,NULL,'[Frontotemporal disease +] Major frontotemporal neurocognitive disorder, Probable'),
    (431,NULL,'[331.19 +] 294.11','[G31.09 +] F02.81','[Frontotemporal disease +] Major frontotemporal neurocognitive disorder, Probable, With behavioral disturbance'),
    (432,NULL,'[331.19 +] 294.10','[G31.09 +] F02.80','[Frontotemporal disease +] Major frontotemporal neurocognitive disorder, Probable, Without behavioral disturbance'),
    (433,NULL,'[331.19 +] 331.9','[G31.09 +] G31.9','Major neurocognitive disorder due to Alzheimer''s disease, Possible'),
    (434,NULL,NULL,NULL,'[Alzheimer''s disease +] Major neurocognitive disorder due to Alzheimer''s disease, Probable'),
    (435,NULL,'[331.0 +] 294.11','[G30.9 +] F02.81','[Alzheimer''s disease +] Major neurocognitive disorder due to Alzheimer''s disease, Probable, With behavioral disturbance'),
    (436,NULL,'[331.0 +] 294.10','[G30.9 +] F02.80','[Alzheimer''s disease +] Major neurocognitive disorder due to Alzheimer''s disease, Probable, Without behavioral disturbance'),
    (437,NULL,NULL,NULL,'Major neurocognitive disorder due to another medical condition'),
    (438,NULL,'294.11','F02.81','Major neurocognitive disorder due to another medical condition, With behavioral disturbance'),
    (439,NULL,'294.1','F02.80','Major neurocognitive disorder due to another medical condition, Without behavioral disturbance'),
    (440,NULL,NULL,NULL,'[HIV infection +] Major neurocognitive disorder due to HIV infection'),
    (441,NULL,'[042 +] 294.11','[B20 +] F02.81','[HIV infection +] Major neurocognitive disorder due to HIV infection, With behavioral disturbance'),
    (442,NULL,'[042 +] 294.10','[B20 +] F02.80','[HIV infection +] Major neurocognitive disorder due to HIV infection, Without behavioral disturbance'),
    (443,NULL,NULL,NULL,'[Huntington''s disease +] Major neurocognitive disorder due to Huntington''s disease'),
    (444,NULL,'[333.4 +] 294.11','[G10 +] F02.81','[Huntington''s disease +] Major neurocognitive disorder due to Huntington''s disease, With behavioral disturbance'),
    (445,NULL,'[333.4 +] 294.10','[G10 +] F02.80','[Huntington''s disease +] Major neurocognitive disorder due to Huntington''s disease, Without behavioral disturbance'),
    (446,NULL,NULL,NULL,'Major neurocognitive disorder due to multiple etiologies'),
    (447,NULL,'294.11','F02.81','Major neurocognitive disorder due to multiple etiologies, With behavioral disturbance'),
    (448,NULL,'294.1','F02.80','Major neurocognitive disorder due to multiple etiologies, Without behavioral disturbance'),
    (449,NULL,'331.9','G31.9','Major neurocognitive disorder due to Parkinson''s disease, Possible'),
    (450,NULL,NULL,NULL,'[Parkinson''s disease +] Major neurocognitive disorder due to Parkinson''s disease, Probable'),
    (451,NULL,'[332.0 +] 294.11','[G20 +] F02.81','[Parkinson''s disease +] Major neurocognitive disorder due to Parkinson''s disease, Probable, With behavioral disturbance'),
    (452,NULL,'[332.0 +] 294.10','[G20 +] F02.80','[Parkinson''s disease +] Major neurocognitive disorder due to Parkinson''s disease, Probable, Without behavioral disturbance'),
    (453,NULL,NULL,NULL,'[Prion disease +] Major neurocognitive disorder due to prion disease'),
    (454,NULL,'[046.79 +] 294.11','[A81.9 +] F02.81','[Prion disease +] Major neurocognitive disorder due to prion disease, With behavioral disturbance'),
    (455,NULL,'[046.79 +] 294.10','[A81.9 +] F02.80','[Prion disease +] Major neurocognitive disorder due to prion disease, Without behavioral disturbance'),
    (456,NULL,NULL,NULL,'[Late effect of intracranial injury without skull fracture (ICD-9-CM) / Diffuse traumatic brain injury with loss of consciousness of unspecified duration, sequela (ICD-10-CM) +] Major neurocognitive disorder due to traumatic brain injury'),
    (457,NULL,'[907.0 +] 294.11','[S06.2X9S +] F02.81','[Late effect of intracranial injury without skull fracture (ICD-9-CM) / Diffuse traumatic brain injury with loss of consciousness of unspecified duration, sequela (ICD-10-CM) +] Major neurocognitive disorder due to traumatic brain injury, With behavioral disturbance'),
    (458,NULL,'[907.0 +] 294.10','[S06.2X9S +] F02.80','[Late effect of intracranial injury without skull fracture (ICD-9-CM) / Diffuse traumatic brain injury with loss of consciousness of unspecified duration, sequela (ICD-10-CM) +] Major neurocognitive disorder due to traumatic brain injury, Without behavioral disturbance'),
    (459,NULL,'331.9','G31.9','Major neurocognitive disorder with Lewy bodies, Possible'),
    (460,NULL,NULL,NULL,'[Lewy body disease +] Major neurocognitive disorder with Lewy bodies, Probable'),
    (461,NULL,'[331.82 +] 294.11','[G31.83 +] F02.81','[Lewy body disease +] Major neurocognitive disorder with Lewy bodies, Probable, With behavioral disturbance'),
    (462,NULL,'[331.82 +] 294.10','[G31.83 +] F02.80','[Lewy body disease +] Major neurocognitive disorder with Lewy bodies, Probable, Without behavioral disturbance'),
    (463,NULL,'331.9','G31.9','Major vascular neurocognitive disorder, Possible'),
    (464,NULL,NULL,NULL,'Major vascular neurocognitive disorder, Probable'),
    (465,NULL,'290.4','F01.51','Major vascular neurocognitive disorder, Probable, With behavioral disturbance'),
    (466,NULL,'290.4','F01.50','Major vascular neurocognitive disorder, Probable, Without behavioral disturbance'),
    (467,NULL,'302.71','F52.0','Male hypoactive sexual desire disorder'),
    (468,NULL,'V65.2','Z76.5','Malingering'),
    (469,NULL,'333.99','G25.71','Medication-induced acute akathisia'),
    (470,NULL,'333.72','G24.02','Medication-induced acute dystonia'),
    (471,NULL,'292.81','see specific substances','Medication-induced delirium'),
    (472,NULL,'292.81','see specific substances','Medication-induced delirium'),
    (473,NULL,'333.1','G25.1','Medication-induced postural tremor'),
    (474,NULL,'331.83','G31.84','Mild frontotemporal neurocognitive disorder'),
    (475,NULL,'331.83','G31.84','Mild neurocognitive disorder due to Alzheimer''s disease'),
    (476,NULL,'331.83','G31.84','Mild neurocognitive disorder due to another medical condition'),
    (477,NULL,'331.83','G31.84','Mild neurocognitive disorder due to HIV infection'),
    (478,NULL,'331.83','G31.84','Mild neurocognitive disorder due to Huntington''s disease'),
    (479,NULL,'331.83','G31.84','Mild neurocognitive disorder due to multiple etiologies'),
    (480,NULL,'331.83','G31.84','Mild neurocognitive disorder due to Parkinson''s disease'),
    (481,NULL,'331.83','G31.84','Mild neurocognitive disorder due to prion disease'),
    (482,NULL,'331.83','G31.84','Mild neurocognitive disorder due to traumatic brain injury'),
    (483,NULL,'331.83','G31.84','Mild neurocognitive disorder with Lewy bodies'),
    (484,NULL,'331.83','G31.84','Mild vascular neurocognitive disorder'),
    (485,NULL,'301.81','F60.81','Narcissistic personality disorder'),
    (486,NULL,NULL,NULL,'Narcolepsy'),
    (487,NULL,'347.1','G47.429','Narcolepsy secondary to another medical condition'),
    (488,NULL,'347.01','G47.411','Narcolepsy with cataplexy but without hypocretin deficiency'),
    (489,NULL,'347','G47.419','Narcolepsy without cataplexy but with hypocretin deficiency'),
    (490,NULL,'333.92','G21.0','Neuroleptic malignant syndrome'),
    (491,NULL,'332.1','G21.11','Neuroleptic-induced parkinsonism'),
    (492,NULL,'307.47','F51.5','Nightmare disorder'),
    (493,NULL,'V71.09','Z03.89','No Diagnosis or Condition on Axis I / No Diagnosis on Axis II [DSM-IV]'),
    (494,NULL,'V15.81','Z91.19','Nonadherence to medical treatment'),
    (495,NULL,NULL,NULL,'Non-rapid eye movement sleep arousal disorders'),
    (496,NULL,'307.46','F51.4','Non-rapid eye movement sleep arousal disorders, Sleep terror type'),
    (497,NULL,'307.46','F51.3','Non-rapid eye movement sleep arousal disorders, Sleepwalking type'),
    (498,NULL,'294.8','F06.8','Obsessive-compulsive and related disorder due to another medical condition'),
    (499,1,'300.3','F42','Obsessive-compulsive disorder'),
    (500,NULL,'301.4','F60.5','Obsessive-compulsive personality disorder');
INSERT INTO Diagnostico VALUES
    (501,NULL,'327.23','G47.33','Obstructive sleep apnea hypopnea'),
    (502,NULL,'292.89',NULL,'Opioid intoxication'),
    (503,NULL,'292.81',NULL,'Opioid intoxication delirium'),
    (504,NULL,NULL,'F11.121','Opioid intoxication delirium, With mild use disorder'),
    (505,NULL,NULL,'F11.221','Opioid intoxication delirium, With moderate or severe use disorder'),
    (506,NULL,NULL,'F11.921','Opioid intoxication delirium, Without use disorder'),
    (507,NULL,NULL,NULL,'Opioid intoxication, With perceptual disturbances'),
    (508,NULL,NULL,'F11.122','Opioid intoxication, With perceptual disturbances, With mild use disorder'),
    (509,NULL,NULL,'F11.222','Opioid intoxication, With perceptual disturbances, With moderate or severe use disorder'),
    (510,NULL,NULL,'F11.922','Opioid intoxication, With perceptual disturbances, Without use disorder'),
    (511,NULL,NULL,NULL,'Opioid intoxication, Without perceptual disturbances'),
    (512,NULL,NULL,'F11.129','Opioid intoxication, Without perceptual disturbances, With mild use disorder'),
    (513,NULL,NULL,'F11.229','Opioid intoxication, Without perceptual disturbances, With moderate or severe use disorder'),
    (514,NULL,NULL,'F11.929','Opioid intoxication, Without perceptual disturbances, Without use disorder'),
    (515,NULL,NULL,NULL,'Opioid use disorder'),
    (516,NULL,'305.5','F11.10','Opioid use disorder, Mild'),
    (517,NULL,'304','F11.20','Opioid use disorder, Moderate'),
    (518,NULL,'304','F11.20','Opioid use disorder, Severe'),
    (519,NULL,'292','F11.23','Opioid withdrawal'),
    (520,NULL,'292','F11.23','Opioid withdrawal delirium'),
    (521,NULL,'292.89',NULL,'Opioid-induced anxiety disorder'),
    (522,NULL,NULL,'F11.188','Opioid-induced anxiety disorder, With mild use disorder'),
    (523,NULL,NULL,'F11.288','Opioid-induced anxiety disorder, With moderate or severe use disorder'),
    (524,NULL,NULL,'F11.988','Opioid-induced anxiety disorder, Without use disorder'),
    (525,NULL,NULL,'F11.921','Opioid-induced delirium'),
    (526,NULL,'292.84',NULL,'Opioid-induced depressive disorder'),
    (527,NULL,NULL,'F11.14','Opioid-induced depressive disorder, With mild use disorder'),
    (528,NULL,NULL,'F11.24','Opioid-induced depressive disorder, With moderate or severe use disorder'),
    (529,NULL,NULL,'F11.94','Opioid-induced depressive disorder, Without use disorder'),
    (530,NULL,'292.89',NULL,'Opioid-induced sexual dysfunction'),
    (531,NULL,NULL,'F11.181','Opioid-induced sexual dysfunction, With mild use disorder'),
    (532,NULL,NULL,'F11.281','Opioid-induced sexual dysfunction, With moderate or severe use disorder'),
    (533,NULL,NULL,'F11.981','Opioid-induced sexual dysfunction, Without use disorder'),
    (534,NULL,'292.85',NULL,'Opioid-induced sleep disorder'),
    (535,NULL,NULL,'F11.182','Opioid-induced sleep disorder, With mild use disorder'),
    (536,NULL,NULL,'F11.282','Opioid-induced sleep disorder, With moderate or severe use disorder'),
    (537,NULL,NULL,'F11.982','Opioid-induced sleep disorder, Without use disorder'),
    (538,NULL,'313.81','F91.3','Oppositional defiant disorder'),
    (539,NULL,'292.89',NULL,'Other (or unknown) substance intoxication'),
    (540,NULL,'292.81',NULL,'Other (or unknown) substance intoxication delirium'),
    (541,NULL,NULL,'F19.121','Other (or unknown) substance intoxication delirium, With mild use disorder'),
    (542,NULL,NULL,'F19.221','Other (or unknown) substance intoxication delirium, With moderate or severe use disorder'),
    (543,NULL,NULL,'F19.921','Other (or unknown) substance intoxication delirium, Without use disorder'),
    (544,NULL,NULL,'F19.129','Other (or unknown) substance intoxication, With mild use disorder'),
    (545,NULL,NULL,'F19.229','Other (or unknown) substance intoxication, With moderate or severe use disorder'),
    (546,NULL,NULL,'F19.929','Other (or unknown) substance intoxication, Without use disorder'),
    (547,NULL,NULL,NULL,'Other (or unknown) substance use disorder'),
    (548,NULL,'305.9','F19.10','Other (or unknown) substance use disorder, Mild'),
    (549,NULL,'304.9','F19.20','Other (or unknown) substance use disorder, Moderate'),
    (550,NULL,'304.9','F19.20','Other (or unknown) substance use disorder, Severe'),
    (551,NULL,'292','F19.239','Other (or unknown) substance withdrawal'),
    (552,NULL,'292','F19.231','Other (or unknown) substance withdrawal delirium'),
    (553,NULL,'292.89',NULL,'Other (or unknown) substance-induced anxiety disorder'),
    (554,NULL,NULL,'F19.180','Other (or unknown) substance-induced anxiety disorder, With mild use disorder'),
    (555,NULL,NULL,'F19.280','Other (or unknown) substance-induced anxiety disorder, With moderate or severe use disorder'),
    (556,NULL,NULL,'F19.980','Other (or unknown) substance-induced anxiety disorder, Without use disorder'),
    (557,1,'292.84',NULL,'Other (or unknown) substance-induced bipolar and related disorder'),
    (558,NULL,NULL,'F19.14','Other (or unknown) substance-induced bipolar and related disorder, With mild use disorder'),
    (559,NULL,NULL,'F19.24','Other (or unknown) substance-induced bipolar and related disorder, With moderate or severe use disorder'),
    (560,NULL,NULL,'F19.94','Other (or unknown) substance-induced bipolar and related disorder, Without use disorder'),
    (561,NULL,NULL,'F19.921','Other (or unknown) substance-induced delirium'),
    (562,1,'292.84',NULL,'Other (or unknown) substance-induced depressive disorder'),
    (563,NULL,NULL,'F19.14','Other (or unknown) substance-induced depressive disorder, With mild use disorder'),
    (564,NULL,NULL,'F19.24','Other (or unknown) substance-induced depressive disorder, With moderate or severe use disorder'),
    (565,NULL,NULL,'F19.94','Other (or unknown) substance-induced depressive disorder, Without use disorder'),
    (566,NULL,'292.82',NULL,'Other (or unknown) substance-induced major neurocognitive disorder'),
    (567,NULL,NULL,'F19.17','Other (or unknown) substance-induced major neurocognitive disorder, With mild use disorder'),
    (568,NULL,NULL,'F19.27','Other (or unknown) substance-induced major neurocognitive disorder, With moderate or severe use disorder'),
    (569,NULL,NULL,'F19.97','Other (or unknown) substance-induced major neurocognitive disorder, Without use disorder'),
    (570,NULL,'292.89',NULL,'Other (or unknown) substance-induced mild neurocognitive disorder'),
    (571,NULL,NULL,'F19.188','Other (or unknown) substance-induced mild neurocognitive disorder, With mild use disorder'),
    (572,NULL,NULL,'F19.288','Other (or unknown) substance-induced mild neurocognitive disorder, With moderate or severe use disorder'),
    (573,NULL,NULL,'F19.988','Other (or unknown) substance-induced mild neurocognitive disorder, Without use disorder'),
    (574,NULL,'292.89',NULL,'Other (or unknown) substance-induced obsessive-compulsive and related disorder'),
    (575,NULL,NULL,'F19.188','Other (or unknown) substance-induced obsessive-compulsive and related disorder, With mild use disorder'),
    (576,NULL,NULL,'F19.288','Other (or unknown) substance-induced obsessive-compulsive and related disorder, With moderate or severe use disorder'),
    (577,NULL,NULL,'F19.988','Other (or unknown) substance-induced obsessive-compulsive and related disorder, Without use disorder'),
    (578,NULL,'292.9',NULL,'Other (or unknown) substance-induced psychotic disorder'),
    (579,NULL,NULL,'F19.159','Other (or unknown) substance-induced psychotic disorder, With mild use disorder'),
    (580,NULL,NULL,'F19.259','Other (or unknown) substance-induced psychotic disorder, With moderate or severe use disorder'),
    (581,NULL,NULL,'F19.959','Other (or unknown) substance-induced psychotic disorder, Without use disorder'),
    (582,NULL,'292.89',NULL,'Other (or unknown) substance-induced sexual dysfunction'),
    (583,NULL,NULL,'F19.181','Other (or unknown) substance-induced sexual dysfunction, With mild use disorder'),
    (584,NULL,NULL,'F19.281','Other (or unknown) substance-induced sexual dysfunction, With moderate or severe use disorder'),
    (585,NULL,NULL,'F19.981','Other (or unknown) substance-induced sexual dysfunction, Without use disorder'),
    (586,NULL,'292.85',NULL,'Other (or unknown) substance-induced sleep disorder'),
    (587,NULL,NULL,'F19.182','Other (or unknown) substance-induced sleep disorder, With mild use disorder'),
    (588,NULL,NULL,'F19.282','Other (or unknown) substance-induced sleep disorder, With moderate or severe use disorder'),
    (589,NULL,NULL,'F19.982','Other (or unknown) substance-induced sleep disorder, Without use disorder'),
    (590,NULL,NULL,NULL,'Other adverse effect of medication'),
    (591,NULL,'995.2','T50.905A','Other adverse effect of medication, Initial encounter'),
    (592,NULL,'995.2','T50.905S','Other adverse effect of medication, Sequelae'),
    (593,NULL,'995.2','T50.905D','Other adverse effect of medication, Subsequent encounter'),
    (594,NULL,NULL,NULL,'Other circumstances related to adult abuse by nonspouse or nonpartner'),
    (595,NULL,'V62.83','Z69.82','Other circumstances related to adult abuse by nonspouse or nonpartner, Encounter for mental health services for perpetrator of nonspousal adult abuse'),
    (596,NULL,'V65.49','Z69.81','Other circumstances related to adult abuse by nonspouse or nonpartner, Encounter for mental health services for victim of nonspousal adult abuse'),
    (597,NULL,NULL,NULL,'Other circumstances related to child neglect'),
    (598,NULL,'V62.83','Z69.021','Other circumstances related to child neglect, Encounter for mental health services for perpetrator of nonparental child neglect'),
    (599,NULL,'V61.22','Z69.011','Other circumstances related to child neglect, Encounter for mental health services for perpetrator of parental child neglect'),
    (600,NULL,'V61.21','Z69.010','Other circumstances related to child neglect, Encounter for mental health services for victim of child neglect by parent'),
    (601,NULL,'V61.21','Z69.020','Other circumstances related to child neglect, Encounter for mental health services for victim of nonparental child neglect'),
    (602,NULL,NULL,NULL,'Other circumstances related to child physical abuse'),
    (603,NULL,'V62.83','Z69.021','Other circumstances related to child physical abuse, Encounter for mental health services for perpetrator of nonparental child abuse'),
    (604,NULL,'V61.22','Z69.011','Other circumstances related to child physical abuse, Encounter for mental health services for perpetrator of parental child abuse'),
    (605,NULL,'V61.21','Z69.010','Other circumstances related to child physical abuse, Encounter for mental health services for victim of child abuse by parent'),
    (606,NULL,'V61.21','Z69.020','Other circumstances related to child physical abuse, Encounter for mental health services for victim of nonparental child abuse'),
    (607,NULL,NULL,NULL,'Other circumstances related to child psychological abuse'),
    (608,NULL,'V62.83','Z69.021','Other circumstances related to child psychological abuse, Encounter for mental health services for perpetrator of nonparental child psychological abuse'),
    (609,NULL,'V61.22','Z69.011','Other circumstances related to child psychological abuse, Encounter for mental health services for perpetrator of parental child psychological abuse'),
    (610,NULL,'V61.21','Z69.010','Other circumstances related to child psychological abuse, Encounter for mental health services for victim of child psychological abuse by parent'),
    (611,NULL,'V61.21','Z69.020','Other circumstances related to child psychological abuse, Encounter for mental health services for victim of nonparental child psychological abuse'),
    (612,NULL,NULL,NULL,'Other circumstances related to child sexual abuse'),
    (613,NULL,'V62.83','Z69.021','Other circumstances related to child sexual abuse, Encounter for mental health services for perpetrator of nonparental child sexual abuse'),
    (614,NULL,'V61.22','Z69.011','Other circumstances related to child sexual abuse, Encounter for mental health services for perpetrator of parental child sexual abuse'),
    (615,NULL,'V61.21','Z69.010','Other circumstances related to child sexual abuse, Encounter for mental health services for victim of child sexual abuse by parent'),
    (616,NULL,'V61.21','Z69.020','Other circumstances related to child sexual abuse, Encounter for mental health services for victim of nonparental child sexual abuse'),
    (617,NULL,NULL,NULL,'Other circumstances related to spouse or partner abuse, Psychological'),
    (618,NULL,'V61.12','Z69.12','Other circumstances related to spouse or partner abuse, Psychological, Encounter for mental health services for perpetrator of spouse or partner psychological abuse'),
    (619,NULL,'V61.11','Z69.11','Other circumstances related to spouse or partner abuse, Psychological, Encounter for mental health services for victim of spouse or partner psychological abuse'),
    (620,NULL,NULL,NULL,'Other circumstances related to spouse or partner neglect'),
    (621,NULL,'V61.12','Z69.12','Other circumstances related to spouse or partner neglect, Encounter for mental health services for perpetrator of spouse or partner neglect'),
    (622,NULL,'V61.11','Z69.11','Other circumstances related to spouse or partner neglect, Encounter for mental health services for victim of spouse or partner neglect'),
    (623,NULL,NULL,NULL,'Other circumstances related to spouse or partner violence, Physical'),
    (624,NULL,'V61.12','Z69.12','Other circumstances related to spouse or partner violence, Physical, Encounter for mental health services for perpetrator of spouse or partner violence'),
    (625,NULL,'V61.11','Z69.11','Other circumstances related to spouse or partner violence, Physical, Encounter for mental health services for victim of spouse or partner violence'),
    (626,NULL,NULL,NULL,'Other circumstances related to spouse or partner violence, Sexual'),
    (627,NULL,'V61.12','Z69.12','Other circumstances related to spouse or partner violence, Sexual, Encounter for mental health services for perpetrator of spouse or partner violence'),
    (628,NULL,'V61.11','Z69.81','Other circumstances related to spouse or partner violence, Sexual, Encounter for mental health services for victim of spouse or partner violence'),
    (629,NULL,'V65.40','Z71.9','Other counseling or consultation'),
    (630,NULL,'292.89',NULL,'Other hallucinogen intoxication'),
    (631,NULL,'292.81',NULL,'Other hallucinogen intoxication delirium'),
    (632,NULL,NULL,'F16.121','Other hallucinogen intoxication delirium, With mild use disorder'),
    (633,NULL,NULL,'F16.221','Other hallucinogen intoxication delirium, With moderate or severe use disorder'),
    (634,NULL,NULL,'F16.921','Other hallucinogen intoxication delirium, Without use disorder'),
    (635,NULL,NULL,'F16.129','Other hallucinogen intoxication, With mild use disorder'),
    (636,NULL,NULL,'F16.229','Other hallucinogen intoxication, With moderate or severe use disorder'),
    (637,NULL,NULL,'F16.929','Other hallucinogen intoxication, Without use disorder'),
    (638,NULL,NULL,NULL,'Other hallucinogen use disorder'),
    (639,NULL,'305.3','F16.10','Other hallucinogen use disorder, Mild'),
    (640,NULL,'304.5','F16.20','Other hallucinogen use disorder, Moderate'),
    (641,NULL,'304.5','F16.20','Other hallucinogen use disorder, Severe'),
    (642,NULL,'292.89',NULL,'Other hallucinogen-induced anxiety disorder'),
    (643,NULL,NULL,'F16.180','Other hallucinogen-induced anxiety disorder, With mild use disorder'),
    (644,NULL,NULL,'F16.280','Other hallucinogen-induced anxiety disorder, With moderate or severe use disorder'),
    (645,NULL,NULL,'F16.980','Other hallucinogen-induced anxiety disorder, Without use disorder'),
    (646,NULL,'292.84',NULL,'Other hallucinogen-induced bipolar and related disorder'),
    (647,NULL,NULL,'F16.14','Other hallucinogen-induced bipolar and related disorder, With mild use disorder'),
    (648,NULL,NULL,'F16.24','Other hallucinogen-induced bipolar and related disorder, With moderate or severe use disorder'),
    (649,NULL,NULL,'F16.94','Other hallucinogen-induced bipolar and related disorder, Without use disorder'),
    (650,NULL,'292.84',NULL,'Other hallucinogen-induced depressive disorder'),
    (651,NULL,NULL,'F16.14','Other hallucinogen-induced depressive disorder, With mild use disorder'),
    (652,NULL,NULL,'F16.24','Other hallucinogen-induced depressive disorder, With moderate or severe use disorder'),
    (653,NULL,NULL,'F16.94','Other hallucinogen-induced depressive disorder, Without use disorder'),
    (654,NULL,'292.9',NULL,'Other hallucinogen-induced psychotic disorder'),
    (655,NULL,NULL,'F16.159','Other hallucinogen-induced psychotic disorder, With mild use disorder'),
    (656,NULL,NULL,'F16.259','Other hallucinogen-induced psychotic disorder, With moderate or severe use disorder'),
    (657,NULL,NULL,'F16.959','Other hallucinogen-induced psychotic disorder, Without use disorder'),
    (658,NULL,'333.99','G25.79','Other medication-induced movement disorder'),
    (659,NULL,'332.1','G21.19','Other medication-induced parkinsonism'),
    (660,NULL,NULL,NULL,'Other or unspecified stimulant use disorder'),
    (661,NULL,'305.7','F15.10','Other or unspecified stimulant use disorder, Mild'),
    (662,NULL,'304.4','F15.20','Other or unspecified stimulant use disorder, Moderate'),
    (663,NULL,'304.4','F15.20','Other or unspecified stimulant use disorder, Severe'),
    (664,NULL,'V15.49','Z91.49','Other personal history of psychological trauma'),
    (665,NULL,'V15.89','Z91.89','Other personal risk factors'),
    (666,NULL,'V62.29','Z56.9','Other problem related to employment'),
    (667,NULL,'V62.89','Z65.8','Other problem related to psychosocial circumstances'),
    (668,NULL,'300.09','F41.8','Other specified anxiety disorder'),
    (669,NULL,'314.01','F90.8','Other specified attention-deficit/hyperactivity disorder'),
    (670,NULL,'296.89','F31.89','Other specified bipolar and related disorder'),
    (671,NULL,'780.09','R41.0','Other specified delirium'),
    (672,NULL,'311','F32.8','Other specified depressive disorder'),
    (673,NULL,'312.89','F91.8','Other specified disruptive, impulse-control, and conduct disorder'),
    (674,NULL,'300.15','F44.89','Other specified dissociative disorder'),
    (675,NULL,NULL,NULL,'Other specified elimination disorder'),
    (676,NULL,'787.6','R15.9','Other specified elimination disorder, With fecal symptoms'),
    (677,NULL,'788.39','N39.498','Other specified elimination disorder, With urinary symptoms'),
    (678,NULL,'307.59','F50.8','Other specified feeding or eating disorder'),
    (679,NULL,'302.6','F64.8','Other specified gender dysphoria'),
    (680,NULL,'780.54','G47.19','Other specified hypersomnolence disorder'),
    (681,NULL,'780.52','G47.09','Other specified insomnia disorder'),
    (682,NULL,'300.9','F99','Other specified mental disorder'),
    (683,NULL,'294.8','F06.8','Other specified mental disorder due to another medical condition'),
    (684,NULL,'315.8','F88','Other specified neurodevelopmental disorder'),
    (685,NULL,'300.3','F42','Other specified obsessive-compulsive and related disorder'),
    (686,NULL,'302.89','F65.89','Other specified paraphilic disorder'),
    (687,NULL,'301.89','F60.89','Other specified personality disorder'),
    (688,NULL,'298.8','F28','Other specified schizophrenia spectrum and other psychotic disorder'),
    (689,NULL,'302.79','F52.8','Other specified sexual dysfunction'),
    (690,NULL,'780.59','G47.8','Other specified sleep-wake disorder'),
    (691,NULL,'300.89','F45.8','Other specified somatic symptom and related disorder'),
    (692,NULL,'307.2','F95.8','Other specified tic disorder'),
    (693,NULL,'309.89','F43.8','Other specified trauma- and stressor-related disorder'),
    (694,NULL,'278','E66.9','Overweight or obesity'),
    (695,NULL,NULL,NULL,'Panic attack specifier'),
    (696,1,'300.01','F41.0','Panic disorder'),
    (697,NULL,'301','F60.0','Paranoid personality disorder'),
    (698,NULL,'V61.20','Z62.820','Parent-child relational problem'),
    (699,NULL,'302.2','F65.4','Pedophilic disorder'),
    (700,NULL,'307.22','F95.1','Persistent (chronic) motor or vocal tic disorder'),
    (701,NULL,'300.4','F34.1','Persistent depressive disorder (dysthymia)'),
    (702,NULL,'V15.42','Z62.812','Personal history (past history) of neglect in childhood'),
    (703,NULL,'V15.41','Z62.810','Personal history (past history) of physical abuse in childhood'),
    (704,NULL,'V15.42','Z62.811','Personal history (past history) of psychological abuse in childhood'),
    (705,NULL,'V15.41','Z62.810','Personal history (past history) of sexual abuse in childhood'),
    (706,NULL,'V15.42','Z91.412','Personal history (past history) of spouse or partner neglect'),
    (707,NULL,'V15.42','Z91.411','Personal history (past history) of spouse or partner psychological abuse'),
    (708,NULL,'V15.41','Z91.410','Personal history (past history) of spouse or partner violence, Physical'),
    (709,NULL,'V15.41','Z91.410','Personal history (past history) of spouse or partner violence, Sexual'),
    (710,NULL,'V62.22','Z91.82','Personal history of military deployment'),
    (711,NULL,'V15.59','Z91.5','Personal history of self-harm'),
    (712,NULL,'310.1','F07.0','Personality change due to another medical condition'),
    (713,NULL,'V62.89','Z60.0','Phase of life problem'),
    (714,NULL,'292.89',NULL,'Phencyclidine intoxication'),
    (715,NULL,'292.81',NULL,'Phencyclidine intoxication delirium'),
    (716,NULL,NULL,'F16.121','Phencyclidine intoxication delirium, With mild use disorder'),
    (717,NULL,NULL,'F16.221','Phencyclidine intoxication delirium, With moderate or severe use disorder'),
    (718,NULL,NULL,'F16.921','Phencyclidine intoxication delirium, Without use disorder'),
    (719,NULL,NULL,'F16.129','Phencyclidine intoxication, With mild use disorder'),
    (720,NULL,NULL,'F16.229','Phencyclidine intoxication, With moderate or severe use disorder'),
    (721,NULL,NULL,'F16.929','Phencyclidine intoxication, Without use disorder'),
    (722,NULL,NULL,NULL,'Phencyclidine use disorder'),
    (723,NULL,'305.9','F16.10','Phencyclidine use disorder, Mild'),
    (724,NULL,'304.6','F16.20','Phencyclidine use disorder, Moderate'),
    (725,NULL,'304.6','F16.20','Phencyclidine use disorder, Severe'),
    (726,NULL,'292.89',NULL,'Phencyclidine-induced anxiety disorder'),
    (727,NULL,NULL,'F16.180','Phencyclidine-induced anxiety disorder, With mild use disorder'),
    (728,NULL,NULL,'F16.280','Phencyclidine-induced anxiety disorder, With moderate or severe use disorder'),
    (729,NULL,NULL,'F16.980','Phencyclidine-induced anxiety disorder, Without use disorder'),
    (730,NULL,'292.84',NULL,'Phencyclidine-induced bipolar and related disorder'),
    (731,NULL,NULL,'F16.14','Phencyclidine-induced bipolar and related disorder, With mild use disorder'),
    (732,NULL,NULL,'F16.24','Phencyclidine-induced bipolar and related disorder, With moderate or severe use disorder'),
    (733,NULL,NULL,'F16.94','Phencyclidine-induced bipolar and related disorder, Without use disorder'),
    (734,NULL,'292.84',NULL,'Phencyclidine-induced depressive disorder'),
    (735,NULL,NULL,'F16.14','Phencyclidine-induced depressive disorder, With mild use disorder'),
    (736,NULL,NULL,'F16.24','Phencyclidine-induced depressive disorder, With moderate or severe use disorder'),
    (737,NULL,NULL,'F16.94','Phencyclidine-induced depressive disorder, Without use disorder'),
    (738,NULL,'292.9',NULL,'Phencyclidine-induced psychotic disorder'),
    (739,NULL,NULL,'F16.159','Phencyclidine-induced psychotic disorder, With mild use disorder'),
    (740,NULL,NULL,'F16.259','Phencyclidine-induced psychotic disorder, With moderate or severe use disorder'),
    (741,NULL,NULL,'F16.959','Phencyclidine-induced psychotic disorder, Without use disorder'),
    (742,NULL,'307.52',NULL,'Pica'),
    (743,NULL,NULL,'F50.8','Pica, In adults'),
    (744,NULL,NULL,'F98.3','Pica, In children'),
    (745,NULL,'309.81','F43.10','Posttraumatic stress disorder'),
    (746,NULL,'302.75','F52.4','Premature (early) ejaculation'),
    (747,NULL,'625.4','N94.3','Premenstrual dysphoric disorder'),
    (748,NULL,'V62.21','Z56.82','Problem related to current military deployment status'),
    (749,NULL,'V69.9','Z72.9','Problem related to lifestyle'),
    (750,NULL,'V60.3','Z60.2','Problem related to living alone');
INSERT INTO Diagnostico VALUES
    (751,NULL,'V60.6','Z59.3','Problem related to living in a residential institution'),
    (752,NULL,'V61.5','Z64.1','Problems related to multiparity'),
    (753,NULL,'V62.5','Z65.3','Problems related to other legal circumstances'),
    (754,NULL,'V62.5','Z65.2','Problems related to release from prison'),
    (755,NULL,'V61.7','Z64.0','Problems related to unwanted pregnancy'),
    (756,NULL,'307.21','F95.0','Provisional tic disorder'),
    (757,NULL,'316','F54','Psychological factors affecting other medical conditions'),
    (758,NULL,NULL,NULL,'Psychotic disorder due to another medical condition'),
    (759,NULL,'293.81','F06.2','Psychotic disorder due to another medical condition, With delusions'),
    (760,NULL,'293.82','F06.0','Psychotic disorder due to another medical condition, With hallucinations'),
    (761,NULL,'312.33','F63.1','Pyromania'),
    (762,NULL,'327.42','G47.52','Rapid eye movement sleep behavior disorder'),
    (763,NULL,'313.89','F94.1','Reactive attachment disorder'),
    (764,NULL,'V61.10','Z63.0','Relationship distress with spouse or intimate partner'),
    (765,NULL,'V62.89','Z65.8','Religious or spiritual problem'),
    (766,NULL,'333.94','G25.81','Restless legs syndrome'),
    (767,NULL,'307.53','F98.21','Rumination disorder'),
    (768,NULL,NULL,NULL,'Schizoaffective disorder'),
    (769,NULL,'295.7','F25.0','Schizoaffective disorder, Bipolar type'),
    (770,1,'295.7','F25.1','Schizoaffective disorder, Depressive type'),
    (771,NULL,'301.2','F60.1','Schizoid personality disorder'),
    (772,1,'295.9','F20.9','Schizophrenia'),
    (773,NULL,'295.4','F20.81','Schizophreniform disorder'),
    (774,NULL,'301.22','F21','Schizotypal personality disorder'),
    (775,NULL,'292.89',NULL,'Sedative, hypnotic, or anxiolytic intoxication'),
    (776,NULL,'292.81',NULL,'Sedative, hypnotic, or anxiolytic intoxication delirium'),
    (777,NULL,NULL,'F13.121','Sedative, hypnotic, or anxiolytic intoxication delirium, With mild use disorder'),
    (778,NULL,NULL,'F13.221','Sedative, hypnotic, or anxiolytic intoxication delirium, With moderate or severe use disorder'),
    (779,NULL,NULL,'F13.921','Sedative, hypnotic, or anxiolytic intoxication delirium, Without use disorder'),
    (780,NULL,NULL,'F13.129','Sedative, hypnotic, or anxiolytic intoxication, With mild use disorder'),
    (781,NULL,NULL,'F13.229','Sedative, hypnotic, or anxiolytic intoxication, With moderate or severe use disorder'),
    (782,NULL,NULL,'F13.929','Sedative, hypnotic, or anxiolytic intoxication, Without use disorder'),
    (783,NULL,NULL,NULL,'Sedative, hypnotic, or anxiolytic use disorder'),
    (784,NULL,'305.4','F13.10','Sedative, hypnotic, or anxiolytic use disorder, Mild'),
    (785,NULL,'304.1','F13.20','Sedative, hypnotic, or anxiolytic use disorder, Moderate'),
    (786,NULL,'304.1','F13.20','Sedative, hypnotic, or anxiolytic use disorder, Severe'),
    (787,NULL,'292',NULL,'Sedative, hypnotic, or anxiolytic withdrawal'),
    (788,NULL,'292','F13.231','Sedative, hypnotic, or anxiolytic withdrawal delirium'),
    (789,NULL,NULL,'F13.232','Sedative, hypnotic, or anxiolytic withdrawal, With perceptual disturbances'),
    (790,NULL,NULL,'F13.239','Sedative, hypnotic, or anxiolytic withdrawal, Without perceptual disturbances'),
    (791,NULL,'292.89',NULL,'Sedative-, hypnotic-, or anxiolytic-induced anxiety disorder'),
    (792,NULL,NULL,'F13.180','Sedative-, hypnotic-, or anxiolytic-induced anxiety disorder, With mild use disorder'),
    (793,NULL,NULL,'F13.280','Sedative-, hypnotic-, or anxiolytic-induced anxiety disorder, With moderate or severe use disorder'),
    (794,NULL,NULL,'F13.980','Sedative-, hypnotic-, or anxiolytic-induced anxiety disorder, Without use disorder'),
    (795,NULL,'292.84',NULL,'Sedative-, hypnotic-, or anxiolytic-induced bipolar and related disorder'),
    (796,NULL,NULL,'F13.14','Sedative-, hypnotic-, or anxiolytic-induced bipolar and related disorder, With mild use disorder'),
    (797,NULL,NULL,'F13.24','Sedative-, hypnotic-, or anxiolytic-induced bipolar and related disorder, With moderate or severe use disorder'),
    (798,NULL,NULL,'F13.94','Sedative-, hypnotic-, or anxiolytic-induced bipolar and related disorder, Without use disorder'),
    (799,NULL,NULL,'F13.921','Sedative-, hypnotic-, or anxiolytic-induced delirium'),
    (800,NULL,'292.84',NULL,'Sedative-, hypnotic-, or anxiolytic-induced depressive disorder'),
    (801,NULL,NULL,'F13.14','Sedative-, hypnotic-, or anxiolytic-induced depressive disorder, With mild use disorder'),
    (802,NULL,NULL,'F13.24','Sedative-, hypnotic-, or anxiolytic-induced depressive disorder, With moderate or severe use disorder'),
    (803,NULL,NULL,'F13.94','Sedative-, hypnotic-, or anxiolytic-induced depressive disorder, Without use disorder'),
    (804,NULL,'292.82',NULL,'Sedative-, hypnotic-, or anxiolytic-induced major neurocognitive disorder'),
    (805,NULL,NULL,'F13.27','Sedative-, hypnotic-, or anxiolytic-induced major neurocognitive disorder, With moderate or severe use disorder'),
    (806,NULL,NULL,'F13.97','Sedative-, hypnotic-, or anxiolytic-induced major neurocognitive disorder, Without use disorder'),
    (807,NULL,'292.89',NULL,'Sedative-, hypnotic-, or anxiolytic-induced mild neurocognitive disorder'),
    (808,NULL,NULL,'F13.288','Sedative-, hypnotic-, or anxiolytic-induced mild neurocognitive disorder, With moderate or severe use disorder'),
    (809,NULL,NULL,'F13.988','Sedative-, hypnotic-, or anxiolytic-induced mild neurocognitive disorder, Without use disorder'),
    (810,NULL,'292.9',NULL,'Sedative-, hypnotic-, or anxiolytic-induced psychotic disorder'),
    (811,NULL,NULL,'F13.159','Sedative-, hypnotic-, or anxiolytic-induced psychotic disorder, With mild use disorder'),
    (812,NULL,NULL,'F13.259','Sedative-, hypnotic-, or anxiolytic-induced psychotic disorder, With moderate or severe use disorder'),
    (813,NULL,NULL,'F13.959','Sedative-, hypnotic-, or anxiolytic-induced psychotic disorder, Without use disorder'),
    (814,NULL,'292.89',NULL,'Sedative-, hypnotic-, or anxiolytic-induced sexual dysfunction'),
    (815,NULL,NULL,'F13.181','Sedative-, hypnotic-, or anxiolytic-induced sexual dysfunction, With mild use disorder'),
    (816,NULL,NULL,'F13.281','Sedative-, hypnotic-, or anxiolytic-induced sexual dysfunction, With moderate or severe use disorder'),
    (817,NULL,NULL,'F13.981','Sedative-, hypnotic-, or anxiolytic-induced sexual dysfunction, Without use disorder'),
    (818,NULL,'292.85',NULL,'Sedative-, hypnotic-, or anxiolytic-induced sleep disorder'),
    (819,NULL,NULL,'F13.182','Sedative-, hypnotic-, or anxiolytic-induced sleep disorder, With mild use disorder'),
    (820,NULL,NULL,'F13.282','Sedative-, hypnotic-, or anxiolytic-induced sleep disorder, With moderate or severe use disorder'),
    (821,NULL,NULL,'F13.982','Sedative-, hypnotic-, or anxiolytic-induced sleep disorder, Without use disorder'),
    (822,NULL,'313.23','F94.0','Selective mutism'),
    (823,NULL,'309.21','F93.0','Separation anxiety disorder'),
    (824,NULL,'V65.49','Z70.9','Sex counseling'),
    (825,NULL,'302.83','F65.51','Sexual masochism disorder'),
    (826,NULL,'302.84','F65.52','Sexual sadism disorder'),
    (827,NULL,'V61.8','Z62.891','Sibling relational problem'),
    (828,NULL,NULL,NULL,'Sleep-related hypoventilation'),
    (829,NULL,'315.39','F80.89','Social (pragmatic) communication disorder'),
    (830,NULL,'300.23','F40.10','Social anxiety disorder (social phobia)'),
    (831,NULL,'V62.4','Z60.4','Social exclusion or rejection'),
    (832,NULL,'300.82','F45.1','Somatic symptom disorder'),
    (833,NULL,NULL,NULL,'Specific learning disorder'),
    (834,NULL,'315.1','F81.2','Specific learning disorder, With impairment in mathematics'),
    (835,NULL,'315','F81.0','Specific learning disorder, With impairment in reading'),
    (836,NULL,'315.2','F81.81','Specific learning disorder, With impairment in written expression'),
    (837,NULL,NULL,NULL,'Specific phobia'),
    (838,NULL,'300.29','F40.218','Specific phobia, Animal'),
    (839,NULL,'300.29',NULL,'Specific phobia, Blood-injection-injury'),
    (840,NULL,NULL,'F40.230','Specific phobia, Fear of blood'),
    (841,NULL,NULL,'F40.231','Specific phobia, Fear of injections and transfusions'),
    (842,NULL,NULL,'F40.233','Specific phobia, Fear of injury'),
    (843,NULL,NULL,'F40.232','Specific phobia, Fear of other medical care'),
    (844,NULL,'300.29','F40.228','Specific phobia, Natural environment'),
    (845,NULL,'300.29','F40.298','Specific phobia, Other'),
    (846,NULL,'300.29','F40.248','Specific phobia, Situational'),
    (847,NULL,'315.39','F80.0','Speech sound disorder'),
    (848,NULL,NULL,NULL,'Spouse or partner abuse, Psychological, Confirmed'),
    (849,NULL,'995.82','T74.31XA','Spouse or partner abuse, Psychological, Confirmed, Initial encounter'),
    (850,NULL,'995.82','T74.31XD','Spouse or partner abuse, Psychological, Confirmed, Subsequent encounter'),
    (851,NULL,NULL,NULL,'Spouse or partner abuse, Psychological, Suspected'),
    (852,NULL,'995.82','T76.31XA','Spouse or partner abuse, Psychological, Suspected, Initial encounter'),
    (853,NULL,'995.82','T76.31XD','Spouse or partner abuse, Psychological, Suspected, Subsequent encounter'),
    (854,NULL,NULL,NULL,'Spouse or partner neglect, Confirmed'),
    (855,NULL,'995.85','T74.01XA','Spouse or partner neglect, Confirmed, Initial encounter'),
    (856,NULL,'995.85','T74.01XD','Spouse or partner neglect, Confirmed, Subsequent encounter'),
    (857,NULL,NULL,NULL,'Spouse or partner neglect, Suspected'),
    (858,NULL,'995.85','T76.01XA','Spouse or partner neglect, Suspected, Initial encounter'),
    (859,NULL,'995.85','T76.01XD','Spouse or partner neglect, Suspected, Subsequent encounter'),
    (860,NULL,NULL,NULL,'Spouse or partner violence, Physical, Confirmed'),
    (861,NULL,'995.81','T74.11XA','Spouse or partner violence, Physical, Confirmed, Initial encounter'),
    (862,NULL,'995.81','T74.11XD','Spouse or partner violence, Physical, Confirmed, Subsequent encounter'),
    (863,NULL,NULL,NULL,'Spouse or partner Violence, Physical, Suspected'),
    (864,NULL,'995.81','T76.11XA','Spouse or partner Violence, Physical, Suspected, Initial encounter'),
    (865,NULL,'995.81','T76.11XD','Spouse or partner Violence, Physical, Suspected, Subsequent encounter'),
    (866,NULL,NULL,NULL,'Spouse or partner Violence, Sexual, Confirmed'),
    (867,NULL,'995.83','T74.21XA','Spouse or partner Violence, Sexual, Confirmed, Initial encounter'),
    (868,NULL,'995.83','T74.21XD','Spouse or partner Violence, Sexual, Confirmed, Subsequent encounter'),
    (869,NULL,NULL,NULL,'Spouse or partner Violence, Sexual, Suspected'),
    (870,NULL,'995.83','T76.21XA','Spouse or partner Violence, Sexual, Suspected, Initial encounter'),
    (871,NULL,'995.83','T76.21XD','Spouse or partner Violence, Sexual, Suspected, Subsequent encounter'),
    (872,NULL,'307.3','F98.4','Stereotypic movement disorder'),
    (873,NULL,'see specific substances','see specific substances','Stimulant intoxication'),
    (874,NULL,'see specific substances','see specific substances','Stimulant use disorder'),
    (875,NULL,'see specific substances','see specific substances','Stimulant withdrawal'),
    (876,NULL,'see specific substances','see specific substances','Substance intoxication delirium'),
    (877,NULL,'see specific substances','see specific substances','Substance intoxication delirium'),
    (878,NULL,'see specific substances','see specific substances','Substance withdrawal delirium'),
    (879,NULL,'see specific substances','see specific substances','Substance withdrawal delirium'),
    (880,NULL,'see specific substances','see specific substances','Substance/medication-induced anxiety disorder'),
    (881,NULL,'see specific substances','see specific substances','Substance/medication-induced bipolar and related disorder'),
    (882,NULL,'see specific substances','see specific substances','Substance/medication-induced depressive disorder'),
    (883,NULL,'see specific substances','see specific substances','Substance/medication-induced major or mild neurocognitive disorder'),
    (884,NULL,'see specific substances','see specific substances','Substance/medication-induced obsessive-compulsive and related disorder'),
    (885,NULL,'see specific substances','see specific substances','Substance/medication-induced psychotic disorder'),
    (886,NULL,'see specific substances','see specific substances','Substance/medication-induced sexual dysfunction'),
    (887,NULL,'see specific substances','see specific substances','Substance/medication-induced sleep disorder'),
    (888,NULL,'333.99','G25.71','Tardive akathisia'),
    (889,NULL,'333.85','G24.01','Tardive dyskinesia'),
    (890,NULL,'333.72','G24.09','Tardive dystonia'),
    (891,NULL,'V62.4','Z60.5','Target of (perceived) adverse discrimination or persecution'),
    (892,NULL,NULL,NULL,'Tobacco use disorder'),
    (893,NULL,'305.1','Z72.0','Tobacco use disorder, Mild'),
    (894,NULL,'305.1','F17.200','Tobacco use disorder, Moderate'),
    (895,NULL,'305.1','F17.200','Tobacco use disorder, Severe'),
    (896,NULL,'292','F17.203','Tobacco withdrawal'),
    (897,NULL,'292.85',NULL,'Tobacco-induced sleep disorder'),
    (898,NULL,NULL,'F17.208','Tobacco-induced sleep disorder, With moderate or severe use disorder'),
    (899,NULL,'307.23','F95.2','Tourette''s disorder'),
    (900,NULL,'302.3','F65.1','Transvestic disorder'),
    (901,NULL,'312.39','F63.3','Trichotillomania (hair-pulling disorder)'),
    (902,NULL,'V63.9','Z75.3','Unavailability or inaccessibility of health care facilities'),
    (903,NULL,'V63.8','Z75.4','Unavailability or inaccessibility of other helping agencies'),
    (904,NULL,'V62.82','Z63.4','Uncomplicated bereavement'),
    (905,NULL,'291.9','F10.99','Unspecified alcohol-related disorder'),
    (906,NULL,NULL,'F15.99','Unspecified amphetamine or other stimulant-related disorder'),
    (907,NULL,'300','F41.9','Unspecified anxiety disorder'),
    (908,NULL,'314.01','F90.9','Unspecified attention-deficit/hyperactivity disorder'),
    (909,NULL,'296.8','F31.9','Unspecified bipolar and related disorder'),
    (910,NULL,'292.9','F15.99','Unspecified caffeine-related disorder'),
    (911,NULL,'292.9','F12.99','Unspecified cannabis-related disorder'),
    (912,NULL,'[781.99 +] 293.89','[R29.818 +] F06.1','[Other symptoms involving nervous and musculoskeletal systems +] Unspecified catatonia'),
    (913,NULL,NULL,'F14.99','Unspecified cocaine-related disorder'),
    (914,NULL,'307.9','F80.9','Unspecified communication disorder'),
    (915,NULL,'780.09','R41.0','Unspecified delirium'),
    (916,NULL,'311','F32.9','Unspecified depressive disorder'),
    (917,NULL,'312.9','F91.9','Unspecified disruptive, impulse-control, and conduct disorder'),
    (918,NULL,'300.15','F44.9','Unspecified dissociative disorder'),
    (919,NULL,NULL,NULL,'Unspecified elimination disorder'),
    (920,NULL,'787.6','R15.9','Unspecified elimination disorder, With fecal symptoms'),
    (921,NULL,'788.3','R32','Unspecified elimination disorder, With urinary symptoms'),
    (922,NULL,'307.5','F50.9','Unspecified feeding or eating disorder'),
    (923,NULL,'302.6','F64.9','Unspecified gender dysphoria'),
    (924,NULL,'292.9','F16.99','Unspecified hallucinogen-related disorder'),
    (925,NULL,'V60.9','Z59.9','Unspecified housing or economic problem'),
    (926,NULL,'780.54','G47.10','Unspecified hypersomnolence disorder'),
    (927,NULL,'292.9','F18.99','Unspecified inhalant-related disorder'),
    (928,NULL,'780.52','G47.00','Unspecified insomnia disorder'),
    (929,NULL,'319','F79','Unspecified intellectual disability (intellectual developmental disorder)'),
    (930,NULL,'300.9','F99','Unspecified mental disorder'),
    (931,NULL,'294.9','F09','Unspecified mental disorder due to another medical condition'),
    (932,NULL,'799.59','R41.9','Unspecified neurocognitive disorder'),
    (933,NULL,'315.9','F89','Unspecified neurodevelopmental disorder'),
    (934,NULL,'300.3','F42','Unspecified obsessive-compulsive and related disorder'),
    (935,NULL,'292.9','F11.99','Unspecified opioid-related disorder'),
    (936,NULL,'292.9','F19.99','Unspecified other (or unknown) substance-related disorder'),
    (937,NULL,'302.9','F65.9','Unspecified paraphilic disorder'),
    (938,NULL,'301.9','F60.9','Unspecified personality disorder'),
    (939,NULL,'292.9','F16.99','Unspecified phencyclidine-related disorder'),
    (940,NULL,'V62.9','Z60.9','Unspecified problem related to social environment'),
    (941,NULL,'V62.9','Z65.9','Unspecified problem related to unspecified psychosocial circumstances'),
    (942,NULL,'298.9','F29','Unspecified schizophrenia spectrum and other psychotic disorder'),
    (943,NULL,'292.9','F13.99','Unspecified sedative-, hypnotic-, or anxiolytic-related disorder'),
    (944,NULL,'302.7','F52.9','Unspecified sexual dysfunction'),
    (945,NULL,'780.59','G47.9','Unspecified sleep-wake disorder'),
    (946,NULL,'300.82','F45.9','Unspecified somatic symptom and related disorder'),
    (947,NULL,'292.9',NULL,'Unspecified stimulant-related disorder'),
    (948,NULL,'307.2','F95.9','Unspecified tic disorder'),
    (949,NULL,'292.9','F17.209','Unspecified tobacco-related disorder'),
    (950,NULL,'309.9','F43.9','Unspecified trauma- and stressor-related disorder'),
    (951,NULL,'V61.8','Z62.29','Upbringing away from parents'),
    (952,NULL,'V62.89','Z65.4','Victim of crime'),
    (953,NULL,'V62.89','Z65.4','Victim of terrorism or torture'),
    (954,NULL,'302.82','F65.3','Voyeuristic disorder'),
    (955,NULL,'V40.31','Z91.83','Wandering associated with a mental disorder');

-- insert diagnostico consultas
INSERT INTO Diagnostico_consulta VALUES
(1, 346),
(1, 234),
(2, 54),
(3, 391),
(4, 943),
(4, 190),
(5, 149),
(9, 904),
(6, 853),
(7, 490),
(8, 394),
(9, 392);

-- insert medicamentos
INSERT INTO Medicamento VALUES
    (1,'ACXION','AP','30 MG','C/30','FENTERMINA',NULL),
    (2,'ADEPSIQUE','TAB','10MG','C/30','AMITRIPTILINA. DIAZEPAM. PERFENAZINA',NULL),
    (3,'ADEPSIQUE','TAB','10MG','C/90','AMITRIPTILINA. DIAZEPAM. PERFENAZINA',NULL),
    (4,'ALZAM','TAB','0.25MG','C/30','ALPRAZOLAM',NULL),
    (5,'ALZAM','TAB','0.50MG','C/30','ALPRAZOLAM',NULL),
    (6,'ALZAM','TAB','1MG','C/30','ALPRAZOLAM',NULL),
    (7,'ALZAM',NULL,'2MG','C/30','ALPRAZOLAM',NULL),
    (8,'ANAFRANIL','TAB','25MG','C/30','CLOMIPREMINA',NULL),
    (9,'ANAFRANIL RTD','GRAG','75MG','C/10','CLOMIPREMINA',NULL),
    (10,'ANAPSIQUE',NULL,'50MG','C/20','AMITRIPTILINA',NULL),
    (11,'ANAPSIQUE','TAB','25MG','C/50','AMITRIPTILINA',NULL),
    (12,'ASENLIX','CAP','30MG','C/60','CLOBENZOREX',NULL),
    (13,'ATIVAN','TAB','2MG','C/80','LORAZEPAM','Ansiolítico'),
    (14,'ATIVAN','TAB','1MG','C/80','LORAZEPAM','Ansiolítico'),
    (15,'ATIVAN','TAB','2MG','C/40','LORAZEPAM','Ansiolítico'),
    (16,'ATIVAN','TAB','2MG','C/80','LORAZEPAM','Ansiolítico'),
    (17,'ATIVAN',NULL,'1MG','C/40','LORAZEPAM','Ansiolítico'),
    (18,'BROSPINA','AMP','0.3MG','C/6','BUPRENORFINA','Analgésico narcótico'),
    (19,'BUFIGEN','AMP','10MG/1ML','C/5','NALBUFINA','Analgésico y adyuvante anestésico'),
    (20,'BUFIGEN',NULL,'100MG/10ML',NULL,'NALBUFINA','Analgésico y adyuvante anestésico'),
    (21,'CARBOLIT LC','TAB','300MG','C/50','CARBONATO DE LITIO',NULL),
    (22,'CARBOLIT LC','TAB','450MG','C/50','CARBONATO DE LITIO',NULL),
    (23,'CARBOLIT','TAB','300MG','C/50','CARBONATO DE LITIO',NULL),
    (24,'CLOPSINE','TABS','25MG','C/30','CLOZAPINA',NULL),
    (25,'CLOPSINE','TAB','100MG','C/30','CLOZAPINA',NULL),
    (26,'CONCERTA','TAB','18MG','C/30','METILFENIDATO','Tratamiento para el trastorno de Deficit de atención con Hiperactividad'),
    (27,'CONCERTA','TAB','36MG','C/30','METILFENIDATO','Tratamiento para el trastorno de Deficit de atención con Hiperactividad'),
    (28,'CONCERTA','TAB','27MG','C/30','METILFENIDATO','Tratamiento para el trastorno de Deficit de atención con Hiperactividad'),
    (29,'CONCERTA','TAB','54MG','C/30','METILFENIDATO','Tratamiento para el trastorno de Deficit de atención con Hiperactividad'),
    (30,'DIAZEPAM','TAB','10MG','C/20','DIAZEPAM',NULL),
    (31,'DORMICUM',NULL,'15MG/3ML','C/5','MIDAZOLAM','Hipnógeno de corta duración'),
    (32,'DORMICUM','INY','5MG/5ML','C/5','MIDAZOLAM','Hipnógeno de corta duración'),
    (33,'DORMICUM',NULL,'7.5MG','C/30','MIDAZOLAM','Hipnógeno de corta duración'),
    (34,'ERGOCAF',NULL,'1/100MG','C/20','ERGOTAMINA Y CAFEINA','Antimigrañoso'),
    (35,'ERGOTRATE','INY','0.2MG/1ML','C/6','ERGOMETRINA',NULL),
    (36,'ERGOTRATE','TAB','0.2MG','20','ERGOMETRINA',NULL),
    (37,'ESBELCAPS','CAP',NULL,'C/30','FENOPROPOREX.DIAZEPAM',NULL),
    (38,'FARMAPRAM','TAB','0.25MG','C/30','ALPRAZOLAM','Ansiolítico'),
    (39,'FARMAPRAM','TAB','0.50MG','C/30','ALPRAZOLAM','Ansiolítico'),
    (40,'FARMAPRAM','TAB','2.0MG','C/30','ALPRAZOLAM','Ansiolítico'),
    (41,'FARMAPRAM','TAB','1MG','C/30','ALPRAZOLAM','Ansiolítico'),
    (42,'FENABBOTT','TAB','100MG','C/40','FENOBARBITAL',NULL),
    (43,'FLUPAZINE',NULL,'5MG','C/30','TRIFLUOPERAZINA',NULL),
    (44,'FLUPAZINE','TAB','10MG','C/30','TRIFLUOPERAZINA',NULL),
    (45,'FRISIUM',NULL,'10MG','C/30','COMP.(CLOBAZAM)','Ansiolítico'),
    (46,'HALCION','TAB','0.125MG','C/30','TRIAZOLAM','Hipnótico'),
    (47,'HALCION','TAB','0.25MG','C/30','TRIAZOLAM','Hipnótico'),
    (48,'HALOPERIDOL','INY','5MG','C/6','HALOPERIDOL',NULL),
    (49,'IFA LOSE','TAB','1MG','C/30','MAZINDOL',NULL),
    (50,'IFA LOSE','TAB','2MG','C/30','MAZINDOL',NULL),
    (51,'IFA ACXION','TAB','30MG','C/30','FENTERMINA',NULL),
    (52,'KRIADEX','TAB','2MG','C/30','CLONAZEPAN','Antiepiléptico'),
    (53,'KRIADEX','TAB','2MG','C/60.','CLONAZEPAN','Antiepiléptico'),
    (54,'KRIADEX','GTS','2.5MG/1ML',NULL,'CLONAZEPAN','Antiepiléptico'),
    (55,'KRIADEX',NULL,'1MG/ML','C/5','CLONAZEPAN','Antiepiléptico'),
    (56,'LARGACTIL',NULL,'25MG','C/50','CLORPROMAZINA',NULL),
    (57,'LARGACTIL',NULL,'100MG','C/20','CLORPROMAZINA',NULL),
    (58,'LEPTOPSIQUE',NULL,'10MG','C/20','PERFENAZINA','Antipsicótico. neuroléptico desinhibidor para uso psiquiátrico.'),
    (59,'LEPTOPSIQUE','TAB','4MG','C/30','PERFENAZINA','Antipsicótico. neuroléptico desinhibidor para uso psiquiátrico.'),
    (60,'LERTUS',NULL,'50MG',NULL,'DICLOFENACO-CODEINA',NULL),
    (61,'LEXOTAN',NULL,'3MG','C/30','BROMAZEPAM','Ansiolítico diurno a dosis menores.'),
    (62,'LEXOTAN',NULL,'3MG','C/100','BROMAZEPAM','Ansiolítico diurno a dosis menores.'),
    (63,'LEXOTAN',NULL,'6MG','C/30','BROMAZEPAM','Ansiolítico diurno a dosis menores.'),
    (64,'LEXOTAN',NULL,'6MG','C/100','BROMAZEPAM','Ansiolítico diurno a dosis menores.'),
    (65,'LOZAM','TAB','1MG','C/40','LORAZEPAN',NULL),
    (66,'LOZAM','TAB','2MG','C/40','LORAZEPAM',NULL),
    (67,'LOZAM','INY','1MG','C/3','LORAZEPAM',NULL),
    (68,'LOZAM','INY','1GR','C/10','LORAZEPAM',NULL),
    (69,'MIOLASTAN',NULL,'25MG','C/20','TETRAZEPAM',NULL),
    (70,'MOTIVAL','TAB','10MG/0.5MG','C/60','NORTRIPTILINA.FLUFENAZINA','Tranquilizante y estabilizador emocional.'),
    (71,'MZ1','TAB','1MG','C/30','MAZINDOL',NULL),
    (72,'NEOBES','CAP','75MG','C/30','ANFEPRAMONA',NULL),
    (73,'NEOTREX','CAP','10MG','C/30','ISOTRETINOÍNA',NULL),
    (74,'NEOTREX','CAP','20MG','C/30','ISOTRETINOÍNA',NULL),
    (75,'NEUPAX','TAB','0.25MG','C/30','ALPRAZOLAM','Ansiolítico.'),
    (76,'NEUPAX','TAB','0.50MG','C/30','ALPRAZOLAM','Ansiolítico.'),
    (77,'NEUPAX','TAB','0.50MG','C/90','ALPRAZOLAM','Ansiolítico.'),
    (78,'NEUPAX','TAB','2MG','C/30','ALPRAZOLAN','Ansiolítico.'),
    (79,'NEUPAX','TAB','1MG','C/30','ALPRAZOLAN','Ansiolítico.'),
    (80,'NEUPAX','SUBLIN','50MG','C/15','ALPRAZOLAN','Ansiolítico.'),
    (81,'NEUPAX','DUO S','0.25/50MG','C/30','ALPRAZOLAN','Ansiolítico.'),
    (82,'NEUPAX','SOL GTAS','0.75NG/ML',NULL,'ALPRAZOLAN','Ansiolítico.'),
    (83,'NITREST','TAB','10MG','C/10','ZOLPIDEM','Hipnótico de corta duración.'),
    (84,'NOCTE','TAB','10MG','C/10','ZOLPIDEM','Hipnótico de corta duración.'),
    (85,'NOCTE','TAB','10MG','C/30','ZOLPIDEM','Hipnótico de corta duración.'),
    (86,'NUMENCIAL',NULL,'50/2.5MG','C/30','SULPIRIDA. DIAZEPAM','Ansiolítico y antidepresivo. Regulador emocional. coadyuvante de padecimientos psicosomáticos.'),
    (87,'OBECLOX','CAP','30MG','C/30','CLOBENZOREX',NULL),
    (88,'ORATANE','CAP','20MG','C/30','ISOTRETINOINA',NULL),
    (89,'ORATANE','CAP','20MG','C/30','ISOTRETINOINA',NULL),
    (90,'ORTOPSIQUE','TAB','10MG','C/20','DIAZEPAM',NULL),
    (91,'ORTOPSIQUE','INY','10MG/2ML','C/5','DIAZEPAM',NULL),
    (92,'OTEDRAM','TAB','3MG','C/30','BROMAZEPAM',NULL),
    (93,'PANAZECLOX','SOL GTS',NULL,NULL,'CLONAZEPAM',NULL),
    (94,'PANAZECLOX','TAB','2MG','C/30','CLONAZEPAM',NULL),
    (95,'PANAZECLOX','TAB','2MG','C/100','CLONAZEPAM',NULL),
    (96,'PISALPRA','TAB','0.25MG','C/30','ALPRAZOLAM',NULL),
    (97,'PISALPRA','TAB','0.50MG','C/30','ALPRAZOLAM',NULL),
    (98,'PISALPRA',NULL,'2MG','C/30','ALPRAZOLAM',NULL),
    (99,'PONTIRIDE',NULL,'200MG','C/20','SULPIRIDA',NULL),
    (100,'PONTIRIDE','TAB','50MG','C/50','SULPIRIDA',NULL),
    (101,'QUAL','TAB',NULL,'C/20','PARACETAMOL. DEXTROPROPOXIFENO. DIAZEPAM','Analgésico. tranquilizante.'),
    (102,'REDOTEX','CAP',NULL,'C/30','CLORHIDRATO DE D-NORPSEUDOEFEDRINA. TRIYODOTIRONINA SODICA. SULFATO DE ATROPINA. ALOÍNA. DIAZEPAM',NULL),
    (103,'REDOTEX','CAP',NULL,'C/30','CLORHIDRATO DE D-NORPSEUDOEFEDRINA. TRIYODOTIRONINA SODICA. SULFATO DE ATROPINA. ALOÍNA. DIAZEPAM',NULL),
    (104,'REFRACTYL','SOL GTS','5ML','0.01','CICLOPENTOLATO',NULL),
    (105,'RELACUM',NULL,'5MG/5ML',NULL,'MIDAZOLAM','Sedante-hiptótico.'),
    (106,'RELAZEPAM',NULL,'10MG/2ML','C/6','DIAZEPAM',NULL),
    (107,'RITALIN','TAB','10MG','C/30','CLORHIDRATO DE METOLFENIDATO','Tratamiento para el trastorno de Deficit de atención con Hiperactividad'),
    (108,'RITALIN','CPR','10MG','C60','CLORHIDRATO DE METOLFENIDATO','Tratamiento para el trastorno de Deficit de atención con Hiperactividad'),
    (109,'RITALIN LA','CAP','20MG','C/30','CLORHIDRATO DE METOLFENIDATO','Estimulante del Sistema nervioso central'),
    (110,'RITALIN LA','CAP','30MG','C/30','CLORHIDRATO DE METOLFENIDATO','Estimulante del Sistema nervioso central'),
    (111,'RITALIN LA','CAP','40MG','C30','CLORHIDRATO DE METOLFENIDATO','Estimulante del Sistema nervioso central'),
    (112,'RIVOTRIL',NULL,'2MG','C/30','CLONAZEPAM','Antiepiléptico.'),
    (113,'RIVOTRIL',NULL,'2MG','C/100','CLONAZEPAN','Antiepiléptico.'),
    (114,'RIVOTRIL','GTS','2.5MG/10ML',NULL,'CLONAZEPAN','Antiepiléptico.'),
    (115,'RIVOTRIL',NULL,'0.5MG','C/30','CLONAZEPAN','Antiepiléptico.'),
    (116,'ROACCUTAN','CAP','20MG','C/30','ISOTRETINOÍNA',NULL),
    (117,'ROACCUTAN',NULL,'10MG',NULL,'ISOTRETINOINA',NULL),
    (118,'SINOGAN','INY','25MG','C/10','LEVOMEPROMAZINA','Neuropléjico. neuroléptico sedativo. ansiolítico. hipnógeno y analgésico.'),
    (119,'SINOGAN',NULL,'25MG','C/20','LEVOMEPROMAZINA','Neuropléjico. neuroléptico sedativo. ansiolítico. hipnógeno y analgésico.'),
    (120,'SOLORO','PARCHES','7',NULL,'BUPRENORFINA',NULL),
    (121,'SOLORO','PARCHES','7','PARCHE','BUPRENORFINA',NULL),
    (122,'SOLUCAPS','CAP','2MG','C/30','MAZINDOL',NULL),
    (123,'STELABID','GRAG','1MG','C/25','ISOPROPAMIDA',NULL),
    (124,'STELAZINE','GRAG','5MG','C/30','TRIFLUOPERAZINA','Neurolíptico.'),
    (125,'STILNOX','TAB','6.25M','C/14','ZOLPIDEM','Tratamiento del insomnio.'),
    (126,'STILNOX','TAB','12.5M','C/14','ZOLPIDEM','Tratamiento del insomnio.'),
    (127,'STILNOX','TAB','12.5M','C/28','ZOLPIDEM','Tratamiento del insomnio.'),
    (128,'STILNOX','TAB','10MG','C/10','ZOLPIDEM','Tratamiento del insomnio.'),
    (129,'STILNOX','TAB','10MG','C/30','ZOLPIDEM','Tratamiento del insomnio.'),
    (130,'SYDOLIL','TAB','1/50MG','C/36','ERGOTAMINA. CAFEÍNA. ACIDO ACETILSALICILICO','Antimigrañoso.'),
    (131,'TAFIL','TAB','0.25MG','C/30','ALPRAZOLAM','Tranquilizante indicado en estados de ansiedad. Útil en el tratamiento agudo de crisis de angustia (pánico).'),
    (132,'TAFIL','TAB','0.25MG','C/90','ALPRAZOLAM','Tranquilizante indicado en estados de ansiedad. Útil en el tratamiento agudo de crisis de angustia (pánico).'),
    (133,'TAFIL','TAB','0.50MG','C/30','ALPRAZOLAM','Tranquilizante indicado en estados de ansiedad. Útil en el tratamiento agudo de crisis de angustia (pánico).'),
    (134,'TAFIL','TAB','0.50MG','C/90','ALPRAZOLAM','Tranquilizante indicado en estados de ansiedad. Útil en el tratamiento agudo de crisis de angustia (pánico).'),
    (135,'TAFIL','TAB','1MG','C/30','ALPRAZOLAM','Tranquilizante indicado en estados de ansiedad. Útil en el tratamiento agudo de crisis de angustia (pánico).'),
    (136,'TAFIL','TAB','1MG','C/90','ALPRAZOLAM','Tranquilizante indicado en estados de ansiedad. Útil en el tratamiento agudo de crisis de angustia (pánico).'),
    (137,'TAFIL','TAB','2MG','C/30','ALPRAZOLAM','Tranquilizante indicado en estados de ansiedad. Útil en el tratamiento agudo de crisis de angustia (pánico).'),
    (138,'TAFIL','TAB','1MG','C/30','ALPRAZOLAM','Tranquilizante indicado en estados de ansiedad. Útil en el tratamiento agudo de crisis de angustia (pánico).'),
    (139,'TAFIL','GTS','20ML',NULL,'ALPRAZOLAM','Tranquilizante indicado en estados de ansiedad. Útil en el tratamiento agudo de crisis de angustia (pánico).'),
    (140,'TAFIL','TAB','0.5MG','C/30','ALPRAZOLAM','Tranquilizante indicado en estados de ansiedad. Útil en el tratamiento agudo de crisis de angustia (pánico).'),
    (141,'TALPRAMIN','TAB','25MG','C/20','IMIPRAMINA',NULL),
    (142,'TASEDAN','TAB','2MG','C/60','ESTAZOLAM','Tranquilizante. Inductor del sueño.'),
    (143,'TAZUN','TAB','0.25G','C/30','ALPRAZOLAM','Ansiolítico.'),
    (144,'TEMGESIC',NULL,'0.3MG/1ML','C/6','BUPRENORFINA',NULL),
    (145,'TEMGESIC','TAB SUBLINGUAL',NULL,'C/10','BUPRENORFINA',NULL),
    (146,'TERFAMEX',NULL,'15MG','C/30','FENTERMINA',NULL),
    (147,'TERFAMEX','CAPS','30MG','C/30','FENTERMINA',NULL),
    (148,'TOFRANIL','GRAG','10MG','C/60','IMIPRAMINA',NULL),
    (149,'TOFRANIL','GRAG','25MG','C/20','IMIPRAMINA',NULL),
    (150,'TOLVON','TAB','30MG','C/10','MIANSERINA','Antidepresivo.'),
    (151,'TORANTSITA','TAB','0.5MG','C/30','ALPRAZOLAM','Antidepresivo.'),
    (152,'TORANTSITA','TAB','0.25','C/30','ALPRAZOLAM','Antidepresivo.'),
    (153,'TRADEA','TAB','20MG','C/30','METILFENIDATO',NULL),
    (154,'TRADEA','TAB','54MG','C/30','METILFENIDATO',NULL),
    (155,'TRADEA','TAB','10MG','C/30','METILFENIDATO',NULL),
    (156,'TRADEA','TAB','10MG','C/60','METILFENIDATO',NULL),
    (157,'TRADEA',NULL,'36MG','C/30','METILFENIDATO',NULL),
    (158,'TRANSTEC','PARCHES','52.5MCG/H 30MG','C/4','BUPRENORFINA','Analgésico opioide semisintético.'),
    (159,'TRANSTEC','PARCHES','35MCG/H','C/20','BUPRENORFINA','Analgésico opioide semisintético.'),
    (160,'TRANXENE','CAP','5MG','C/30','CLORAZEPATO DIPOTASICO','Ansiolítico sedante.'),
    (161,'TRANXENE',NULL,'10MG','C/30','CLORAZEPATO DIPOTASICO','Ansiolítico sedante.'),
    (162,'TREVISSAGE','CAP','10MG','C/30','ISOTRETINOINA',NULL),
    (163,'TREVISSAGE','CAP','20MG','C/30','ISOTRETINOINA',NULL),
    (164,'TRYPTANOL','GRAG','25MG','C/50','AMITRIPTILINA',NULL),
    (165,'TYLEX','CAP CD','500MG','C/30','PARACETAMOL','Analgésico no narcotico. antipirético.'),
    (166,'VALIUM',NULL,'10MG','C/20','DIAZEPAM','Ansiolítico. tensiolítico. sedante. hipnógeno. miorrelajante. estabilizador neurovegetativo.'),
    (167,'VALIUM',NULL,'10MG','C/90','DIAZEPAM','Ansiolítico. tensiolítico. sedante. hipnógeno. miorrelajante. estabilizador neurovegetativo.'),
    (168,'VALIUM',NULL,'10MG','C/5','DIAZEPAM','Ansiolítico. tensiolítico. sedante. hipnógeno. miorrelajante. estabilizador neurovegetativo.'),
    (169,'VICTAN',NULL,'2MG','C/30','LOFLAZEPATO DE ETILO','Ansiolítico.');
    
-- insert recetas
insert into receta (idReceta, idConsulta, idMedicamento) values (1, 3, 1);
insert into receta (idReceta, idConsulta, idMedicamento) values (2, 5, 4);
insert into receta (idReceta, idConsulta, idMedicamento) values (3, 4, 140);
insert into receta (idReceta, idConsulta, idMedicamento) values (4, 5, 129);
insert into receta (idReceta, idConsulta, idMedicamento) values (5, 7, 49);
insert into receta (idReceta, idConsulta, idMedicamento) values (6, 8, 3);
insert into receta (idReceta, idConsulta, idMedicamento) values (7, 9, 1);
insert into receta (idReceta, idConsulta, idMedicamento) values (8, 4, 1);
